Year,Mauritius,Mexico,Moldova,Moldova,Mongolia,Montenegro,Morocco,Mozambique,Myanmar,Nepal,Netherlands,New Zealand,Nigeria,North Macedonia,Norway,Oman,Pakistan,Panama,Paraguay,Peru,Philippines,Poland,Portugal,Qatar,Romania,Russian Federation,Saudi Arabia,Serbia,Singapore,Slovakia
1845,,,,,,,,,,,,,,,1.328471,,,,,,,,,,,,,,,
1846,,,,,,,,,,,,,,,1.344984,,,,,,,,,,,,,,,
1847,,,,,,,,,,,,,,,1.357678,,,,,,,,,,,,,,,
1848,,,,,,,,,,,,,,,1.369089,,,,,,,,,,,,,,,
1849,,,,,,,,,,,,,,,1.384149,,,,,,,,,,,,,,,
1850,,,,,,,,,,,,,,,1.399733,,,,,,,,,,,,,,,
1851,,,,,,,,,,,,,,,1.418073,,,,,,,,,,,,,,,
1852,,,,,,,,,,,,,,,1.43287,,,,,,,,,,,,,,,
1853,,,,,,,,,,,,,,,1.446641,,,,,,,,,,,,,,,
1854,,,,,,,,,,,,,,,1.467398,,,,,,,,,,,,,,,
1855,,,,,,,,,,,,,,,1.490047,,,,,,,,,,,,,,,
1856,,,,,,,,,,,,,,,1.511175,,,,,,,,,,,,,,,
1857,,,,,,,,,,,,,,,1.530312,,,,,,,,,,,,,,,
1858,,,,,,,,,,,,,,,1.556076,,,,,,,,,,,,,,,
1859,,,,,,,,,,,,,,,1.583525,,,,,,,,,,,,,,,
1860,,,,,,,,,,,,,,,1.608653,,,,,,,,,,,,,,,
1861,,,,,,,,,,,,,,,1.619102,,,,,,,,,,,,,,,
1862,,,,,,,,,,,,,,,1.634866,,,,,,,,,,,,,,,
1863,,,,,,,,,,,,,,,1.657998,,,,,,,,,,,,,,,
1864,,,,,,,,,,,,,,,1.67851,,,,,,,,,,,,,,,
1865,,,,,,,,,,,,,,,1.701756,,,,,,,,,,,,,,,
1866,,,,,,,,,,,,,,,1.712787,,,,,,,,,,,,,,,
1867,,,,,,,,,,,,,,,1.720933,,,,,,,,,,,,,,,
1868,,,,,,,,,,,,,,,1.729242,,,,,,,,,,,,,,,
1869,,,,,,,,,,,,,,,1.732655,,,,,,,,,,,,,,,
1870,,,,,,,,,,,,,,,1.741162,,,,,,,,,,,,,,,
1871,,,,,,,,,,,,,,,1.751544,,,,,,,,,,,,,,,
1872,,,,,,,,,,,,,,,1.762313,,,,,,,,,,,,,,,
1873,,,,,,,,,,,,,,,1.776528,,,,,,,,,,,,,,,
1874,,,,,,,,,,,,,,,1.796752,,,,,,,,,,,,,,,
1875,,,,,,,,,,,,,,,1.818853,,,,,,,,,,,,,,,
1876,,,,,,,,,,,,,,,1.838858,,,,,,,,,,,,,,,
1877,,,,,,,,,,,,,,,1.864285,,,,,,,,,,,,,,,
1878,,,,,,,,,,,,,,,1.889385,,,,,,,,,,,,,,,
1879,,,,,,,,,,,,,,,1.914867,,,,,,,,,,,,,,,
1880,,,,,,,,,,,,,,,1.923283,,,,,,,,,,,,,,,
1881,,,,,,,,,,,,,,,1.922613,,,,,,,,,,,,,,,
1882,,,,,,,,,,,,,,,1.916921,,,,,,,,,,,,,,,
1883,,,,,,,,,,,,,,,1.921712,,,,,,,,,,,,,,,
1884,,,,,,,,,,,,,,,1.936404,,,,,,,,,,,,,,,
1885,,,,,,,,,,,,,,,1.951429,,,,,,,,,,,,,,,
1886,,,,,,,,,,,,,,,1.965217,,,,,,,,,,,,,,,
1887,,,,,,,,,,,,,,,1.974396,,,,,,,,,,,,,,,
1888,,,,,,,,,,,,,,,1.978834,,,,,,,,,,,,,,,
1889,,,,,,,,,,,,,,,1.989756,,,,,,,,,,,,,,,
1890,,,,,,,,,,,,,,,2.004102,,,,,,,,,,,,,,,
1891,,,,,,,,,,,,,,,2.020905,,,,,,,,,,,,,,,
1892,,,,,,,,,,,,,,,2.031127,,,,,,,,,,,,,,,
1893,,,,,,,,,,,,,,,2.044466,,,,,,,,,,,,,,,
1894,,,,,,,,,,,,,,,2.068848,,,,,,,,,,,,,,,
1895,,,,,,,,,,,,,,,2.097328,,,,,,,,,,,,,,,
1896,,,,,,,,,,,,,,,2.126024,,,,,,,,,,,,,,,
1897,,,,,,,,,,,,,,,2.157418,,,,,,,,,,,,,,,
1898,,,,,,,,,,,,,,,2.190196,,,,,,,,,,,,,,,
1899,,,,,,,,,,,5.104,,,,2.217971,,,,,,,,,,,,,,,
1900,,,,,,,,,,,5.163,,,,2.242995,,,,,,,,,,,,,,,
1901,,,,,,,,,,,5.233,,,,2.266827,,,,,,,,,,,,,,,
1902,,,,,,,,,,,5.307,,,,2.284143,,,,,,,,,,,,,,,
1903,,,,,,,,,,,5.384,,,,2.291392,,,,,,,,,,,,,,,
1904,,,,,,,,,,,5.46,,,,2.303595,,,,,,,,,,,,,,,
1905,,,,,,,,,,,5.537,,,,2.313549,,,,,,,,,,,,,,,
1906,,,,,,,,,,,5.616,,,,2.324832,,,,,,,,,,,,,,,
1907,,,,,,,,,,,5.696,,,,2.333092,,,,,,,,,,,,,,,
1908,,,,,,,,,,,5.772,,,,2.358036,,,,,,,,,,,,,,,
1909,,,,,,,,,,,5.858,,,,2.376952,,,,,,,,,,,,,,,
1910,,,,,,,,,,,5.951,,,,2.390402,,,,,,,,,,,,,,,
1911,,,,,,,,,,,6.033,,,,2.41119,,,,,,,,,,,,,,,
1912,,,,,,,,,,,6.133,,,,2.435178,,,,,,,,,,,,,,,
1913,,,,,,,,,,,6.235,,,,2.458569,,,,,,,,,,,,,,,
1914,,,,,,,,,,,6.34,,,,2.483269,,,,,,,,,,,,,,,
1915,,,,,,,,,,,6.433,,,,2.509263,,,,,,,,,,,,,,,
1916,,,,,,,,,,,6.527,,,,2.535092,,,,,,,,,,,,,,,
1917,,,,,,,,,,,6.618,,,,2.565994,,,,,,,,,,,,,,,
1918,,,,,,,,,,,6.675,,,,2.589463,,,,,,,,,,,,,,,
1919,,,,,,,,,,,6.754,,,,2.616274,,,,,,,,,,,,,,,
1920,,,,,,,,,,,6.865,,,,2.653054,,,,,,,,,,,,,,,
1921,,,,,,,,,,,6.978,,,,2.68268,,,,,,,,,,,,,,,
1922,,,,,,,,,,,7.081,,,,2.707,,,,,,,,,,,,,,,
1923,,,,,,,,,,,7.196,,,,2.719233,,,,,,,,,,,,,,,
1924,,,,,,,,,,,7.308,,,,2.738298,,,,,,,,,,,,,,,
1925,,,,,,,,,,,7.416,,,,2.755331,,,,,,,,,,,,,,,
1926,,,,,,,,,,,7.522,,,,2.77088,,,,,,,,,,,,,,,
1927,,,,,,,,,,,7.621,,,,2.778851,,,,,,,,,,,,,,,
1928,,,,,,,,,,,7.728,,,,2.790497,,,,,,,,,,,,,,,
1929,,,,,,,,,,,7.825,,,,2.799713,,,,,,,,,,,,,,,
1930,,,,,,,,,,,7.936,,,,2.815164,,,,,,,,,,14.141,,,,,
1931,,,,,,,,,,,8.062,,,,2.832599,,,,,,,,,,14.355,,,,,
1932,,,,,,,,,,,8.183,,,,2.850457,,,,,,,,,,14.554,,,,,
1933,,,,,,,,,,,8.29,,,,2.866229,,,,,,,,,,14.73,,,,,
1934,,,,,,,,,,,8.392,,,,2.882182,,,,,,,,,,14.924,,,,,
1935,,,,,0.0007382,,,,,,8.475,,,,2.896239,,,,,,,,,,15.069,,,,,
1936,,,,,0.0007379,,,,,,8.557,,,,2.910798,,,,,,,,,,15.256,,,,,
1937,,,,,0.00074,,,,,,8.64,,,,2.926686,,,,,,,,,,15.434,,,,,
1938,,,,,0.0007476,,,,,,8.729,,,,2.94492,,,,,,,,,,15.601,,,,,
1939,,,,,0.0007364,,,,,,8.834,,,,2.963909,,,,,,,,,,15.751,,,,,
1940,,,,,0.0007386,,,,,,8.923,,,,2.982224,,,,,,,,,,15.907,,,,,
1941,,,,,0.0007438,,,,,,9.008,,,,2.998244,,,,,,,,,,,,,,,
1942,,,,,0.000749,,,,,,9.076,,,,3.019521,,,,,,,,,,,,,,,
1943,,,,,0.0007542,,,,,,9.129,,,,3.045337,,,,,,,,,,,,,,,
1944,,,,,0.0007591,,,,,,9.22,,,,3.075084,,,,,,,,,,,,,,,
1945,,,,,0.0007593,,,,,,9.304,,,,3.107269,,,,,,,,,,,,,,,3.425775
1946,,,,,0.0007594,,,,,,9.543,,,,3.146497,,,,,,,23.64,,,15.791,,,,,3.385754
1947,,,,,0.0007597,,,,,,9.716,,,,3.183525,,,,,,,23.754,,,15.849,,,,,3.425144
1948,,,,,0.0007592,,,,,,9.884,,,,3.218499,,,,,,,24.211,,,15.893,,,,,3.446009
1949,,,,,0.0007587,,,,,,10.027,,,,3.249954,,,,,7.63245981,,24.613,,,16.084,101.438,,,,3.447085
1950,,,,,,,,,,,,,,,,,37.54237,0.859658,,,,,,,,,3.859801,,1.0221,
1950,,,,,,,,,,8.483322,,,,,,,,,,,,,,,,,,,,
1950,0.48127,28.114127,,2.336432,0.000758,,,5.958982,17.779635,,10.2,1.90831,37.85975,1.224627,3.280296,,,,1.473241,7.826262,18.580483,25.035,,,16.311,102.945,,,,3.48553
1951,,,,,,,,,,,,,,,,,37.992884,0.881829,,,,,,,,,3.931753,,1.0681,
1951,,,,,,,,,,8.663602,,,,,,,,,,,,,,,,,,,,
1951,0.498593,28.812644,,2.422094,0.0007724,,,6.059446,18.10397,,10.328,1.947389,38.424142,1.255619,3.311446,,,,1.51185,8.025721,19.246603,25.507,,,16.464,104.587,,,,3.533282
1952,,,,,,,,,,,,,,,,,38.516514,0.90505,,,,,,,,,4.005677,,1.127,
1952,,,,,,,,,,8.834698,,,,,,,,,,,,,,,,,,,,
1952,0.516556,29.509299,,2.46674,0.0007861,,,6.165054,18.440675,,10.436,1.994794,39.035435,1.271611,3.34401,,,,1.550983,8.232177,19.945269,25.999,,,16.63,106.715,,,,3.576852
1953,,,,,,,,,,,,,,,,,39.10909,0.929425,,,,,,,,,4.081572,,1.1918,
1953,,,,,,,,,,8.999194,,,,,,,,,,,,,,,,,,,,
1953,0.536057,30.277521,,2.505504,0.0007999,,,6.275232,18.792741,,10.551,2.047391,39.686159,1.299452,3.377766,,,,1.590868,8.446997,20.669608,26.511,,,16.847,108.43,,,,3.629425
1954,,,,,,,,,,,,,,,,,39.767169,0.954952,,,,,,,,,4.160424,,1.2482,
1954,,,,,,,,,,9.15932,,,,,,,,,,,,,,,,,,,,
1954,0.553977,31.061184,,2.565909,0.0008136,,,6.389675,19.162186,,10.68,2.092779,40.370853,1.325223,3.410726,,,,1.631711,8.671541,21.414578,27.012,,,17.04,110.537,,,,3.69456
1955,,,,,,,,,,,,,,,,,40.488032,0.981686,,,,,,,,,4.243218,,1.3055,
1955,,,,,,,,,,9.316916,,,,,,,,,,,,,,,,,,,,
1955,0.571669,31.953061,,2.622424,0.0008273,,,6.5084,19.550067,,10.822,2.136168,41.0861,1.340031,3.445673,,,,1.673667,8.904891,22.17706,27.55,,,17.325,112.266,,,,3.756495
1956,,,,,,,,,,,,,,,,,41.269721,1.009696,,,,,,,,,4.32897,,1.3716,
1956,,,,,,,,,,9.473411,,,,,,,,,,,,,,,,,,,,
1956,0.591764,32.889947,,2.682168,0.0008455,,,6.631668,19.956404,,10.957,2.178289,41.830617,1.339977,3.47589,,,,1.716878,9.14615563,22.955908,28.08,,,17.583,114.017,,,,3.816037
1957,,,,,,,,,,,,,,,,,42.111011,1.039038,,,,,,,,,4.41965,,1.445929,
1957,,,,,,,,,,9.629865,,,,,,,,,,,,,,,,,,,,
1957,0.609816,33.872763,,2.75894,0.000862,,,6.760108,20.38022,,11.096,2.229407,42.60512,1.344846,3.507986,,,,1.761454,9.39668969,23.75187,28.54,,,17.829327,115.665,,,,3.870481
1958,,,,,,,,,,,,,,,,,43.011324,1.069783,,,,,,,,,4.514271,,1.5188,
1958,,,,,,,,,,9.786976,,,,,,,,,,,,,,,,,,,,
1958,0.62766,34.891617,,2.838489,0.0008848,,,6.894491,20.819752,,11.278,2.281533,43.412094,1.344772,3.538001,,,,1.807458,9.6578329,24.567266,29,,,18.055948,117.534,,,,3.924851
1959,,,,,,,,,,,,,,,,,43.97056,1.101997,,,,,,,,,4.613822,,1.5872,
1959,,,,,,,,,,9.945213,,,,,,,,,,,,,,,,,,,,
1959,0.645313,35.964404,,2.919316,0.0009096,,,7.035799,21.272677,,11.417,2.331122,44.255337,1.353539,3.567707,,,,1.854966,9.930965,25.405531,29.4799,,,18.22583,119.046,,,,3.969682
1960,,,,,,,,,,,,,,,,,44.98869,1.135703,,,,,,,,,4.718301,,1.6464,
1960,,,,,,,,,,10.10506,,,,,,,,,,,,,,,,,,,,
1960,0.663229,37.09123,,2.998981,0.0009369,,11.635,7.18487,21.736947,,11.556,2.371746,45.13846,1.366198,3.594771,,,,1.90399,10.21747502,26.269741,29.7952,8.857716,,18.403414,120.766,,,,4.018405
1961,,,,,,,,,,,,,,,,,46.065229,1.170572,,,,,,,,,4.827708,,1.7024,
1961,,,,,,,,,,10.26726,,,,,,,,,,,,,,,,,,,,
1961,0.681284,38.265509,,3.068962,0.0009681,,11.897,7.342117,22.211626,,11.721,2.43245,46.06357,1.381753,3.624829,,,,1.954552,10.516454,27.161052,30.1332,8.929316,,18.566932,122.407,,,,4.216827
1962,,,,,,,,,,,,,,,,,47.198886,1.206608,,,,,,,,,4.943029,,1.7502,
1962,,,,,,,,,,10.433147,,,,,,,,,,,,,,,,,,,,
1962,0.701016,39.496641,,3.136438,0.000998,,12.177,7.507309,22.697664,,11.89,2.48855,47.029818,1.401167,3.653006,,,,2.006675,10.825811,28.077345,30.4836,8.993985,,18.680721,123.848,,,,4.259549
1963,,,,,,,,,,,,,,,,,48.387293,1.243015,,,,,,,,,5.065249,,1.795,
1963,,,,,,,,,,10.60462,,,,,,,,,,,,,,,,,,,,
1963,0.71514,40.770828,,3.204914,0.0010171,,12.473,7.679465,23.198238,,12.042,2.54135,48.032932,1.42247,3.680068,,,,2.06034,11.14342746,29.01263,30.9397,9.030355,,18.813131,125.179,,,,4.304484
1964,,,,,,,,,,,,,,,,,49.627623,1.280333,,,,,,,,,5.192398,,1.8416,
1964,,,,,,,,,,10.783958,,,,,,,,,,,,,,,,,,,,
1964,0.736182,42.087735,,3.271001,0.0010452,,12.785,7.857107,23.717785,,12.212,2.59195,49.066762,1.444676,3.708609,,,,2.115573,11.467225,29.958687,31.3389,9.035365,,18.927081,126.309,,,,4.350198
1965,,,,,,,,,,,,,,,,,50.917975,1.318567,,,,,,,,,5.327432,,1.8869,
1965,,,,,,,,,,10.972912,,,,,,,,,,,,,,,,,,,,
1965,0.755528,43.456593,,3.333549,0.001076,,13.112,8.039217,24.259356,,12.377,2.6404,50.12792,1.469729,3.737726,,,,2.172309,11.79631347,30.909997,31.551,8.998595,,19.027367,127.189,,,,4.391768
1966,,,,,,,,,,,,,,,,,52.260183,1.357739,,,,,,,,,5.469365,,1.9344,
1966,,,,,,,,,,11.17253,,,,,,,,,,,,,,,,,,,,
1966,0.77416,44.85749,,3.39416,0.0011044,,13.454,8.225919,24.823937,,12.535,2.68755,51.217969,1.489836,3.768298,,,,2.230733,12.1321209,31.864175,31.8106,8.93099,,19.140783,128.026,,,,4.431564
1967,,,,,,,,,,,,,,,,,53.655783,1.397854,,,,,,,,,5.618198,,1.9776,
1967,,,,,,,,,,11.382965,,,,,,,,,,,,,,,,,,,,
1967,0.789309,46.288625,,3.452263,0.0011344,,13.809,8.417698,25.410054,,12.661,2.72815,52.342231,1.511816,3.80078,,,,2.290797,12.475921,32.82397,32.1633,8.87452,,19.284814,128.696,,,,4.46717
1968,,,,,,,,,,,,,,,,,55.10269,1.438933,,,,,,,,,5.774916,,2.012,
1968,,,,,,,,,,11.603921,,,,,,,,,,,,,,,,,,,,
1968,0.804177,47.75962,,3.505944,0.0011645,,14.178,8.614445,26.015239,,12.798,2.759,53.506201,1.532751,3.832192,,,,2.351926,12.829004,33.795203,32.4257,8.83665,,19.720984,129.379,,,,4.500659
1969,,,,,,,,,,,,,,,,,56.598148,1.480988,,,,,,,,,5.938534,,2.0425,
1969,,,,,,,,,,11.834657,,,,,,,,,,,,,,,,,,,,
1969,0.816027,49.255903,,3.569846,0.0011976,,14.559,8.816056,26.635852,,12.958,2.7885,54.717035,1.553615,3.863221,,,,2.413396,13.192677,34.786309,32.6706,8.757705,,20.010178,130.079,,,,4.536555
1970,,,,,,,,,,,,,,,,,58.142062,1.524445,,,,,,,,,6.109051,,2.074507,
1970,,,,,,,,,,12.074628,,,,,,,,,,,,,,,,,,,,
1970,0.829511,50.790277,,3.622843,0.0012305,,14.952,9.022747,27.269063,,13.119,2.82805,55.982142,1.574407,3.888305,,,,2.474757,13.567714,35.803591,32.657711,8.680431,,20.252541,130.704,,,,4.53989
1971,,,,,,,,,,,,,,,,,59.734479,1.568674,,,,,,,,,6.287454,,2.1129,
1971,,,,,,,,,,12.323984,,,,,,,,,,,,,,,,,,,,
1971,0.841079,52.327702,,3.675302,0.0012654,,15.357,9.232655,27.913749,,13.27,2.8753,57.296988,1.596091,3.917773,,,,2.535877,13.953235,36.849678,32.909093,8.643756,,20.469658,131.445,,,,4.575007
1972,,,,,,,,,,,,,,,,,61.381982,1.613452,,,,,,,,,6.472756,,2.1524,
1972,,,,,,,,,,12.583142,,,,,,,,,,,,,,,,,,,,
1972,0.851334,53.936173,,3.728687,0.0013014,,15.772,9.446235,28.570093,,13.388,2.9291,58.665813,1.617701,3.948234,,,,2.597149,14.348084,37.9234,33.20229,8.63043,,20.662648,132.21,,,,4.618236
1973,,,,,,,,,,,,,,,,,63.099404,1.658734,,,,,,,,,6.666928,,2.193,
1973,,,,,,,,,,12.852205,,,,,,,,,,,,,,,,,,,,
1973,0.861239,55.577989,,3.772597,0.0013395,,16.196,9.668655,29.238168,,13.491,2.9923,60.114615,1.639236,3.97299,,,,2.659418,14.751106,39.022759,33.512156,8.6331,,20.827525,132.941,,,,4.664653
1974,,,,,,,,,,,,,,,,,64.905996,1.704363,,,,,,,,,6.938202,,2.2298,
1974,,,,,,,,,,13.13126,,,,,,,,,,,,,,,,,,,,
1974,0.873292,57.247856,,3.821748,0.0013807,,16.63,9.906963,29.918469,,13.599,3.0584,61.677167,1.661657,3.997525,,,,2.723816,15.161146,40.14425,33.845698,8.754365,,21.028841,133.775,,,,4.714593
1975,,,,,,,,,,,,,,,,,66.816875,1.750317,,,,,,,,,7.28701,,2.2626,
1975,,,,,,,,,,13.420367,,,,,,,,,,,,,,,,,,,,
1975,0.885461,58.943497,,3.86141,0.0014244,,17.072,10.165216,30.611093,,13.734,3.1178,63.374289,1.684,4.017101,,,,2.791236,15.580807,39.903002,34.184738,9.09347,,21.245103,134.69,,,,4.763617
1976,,,,,,,,,,,,,,,,,68.834324,1.796453,,,,,,,,,7.653352,,2.2933,
1976,,,,,,,,,,13.719466,,,,,,,,,,,,,,,,,,,,
1976,0.897811,60.638291,,3.897627,0.0014669,,17.521,10.443954,31.314347,,13.814,3.15355,65.221379,1.706445,4.035202,,,,2.861868,16.010843,,34.527892,9.35581,,21.445698,135.645,,,,4.815396
1977,,,,,,,,,,,,,,,,,70.958168,1.842719,,,,,,,,,8.038114,,2.3253,
1977,,,,,,,,,,14.028535,,,,,,,,,,,,,,,,,,,,
1977,0.913025,62.31061,,3.927781,0.0015124,,17.978,10.738534,32.026748,,13.898,3.1649,67.203134,1.727797,4.051208,0.901,,,2.93571,16.44737,,34.850228,9.455675,,21.657569,136.596,,,,4.865605
1978,,,,,,,,,,,,,,,,,73.197254,1.889061,,,,,,,,,8.442219,,2.3536,
1978,,,,,,,,,,14.347653,,,,,,,,,,,,,,,,,,,,
1978,0.929367,63.964579,,3.949756,0.0015536,,18.44,11.041206,32.748782,,13.986,3.1658,69.271915,1.747113,4.066134,0.928,,,3.013281,16.886456,,35.080682,9.55825,,21.854622,137.551,,,,4.914644
1979,,,,,,,,,,,,,,,,,75.561128,1.935383,,,,,,,,,8.866639,,2.3835,
1979,,,,,,,,,,14.676932,,,,,,,,,,,,,,,,,,,,
1979,0.94664,65.608724,,3.989105,0.001595,,18.908,11.341405,33.481397,,14.091,3.16455,71.361141,1.768203,4.0789,0.986,,,3.095151,17.324179,,35.413434,9.661265,,22.048305,138.291,,,,4.963301
1980,,,,,,,,,,,,,,,,,78.054346,1.981562,,,,,,,,,9.312396,,2.413945,
1980,,,,,,,,,,15.016408,,,,,,,,,,,,,,,,,,,,
1980,0.963701,67.250862,,4.033379,0.0016397,,19.38,11.630194,34.224316,,14.209,3.17015,73.423646,1.792,4.09234,1.06,,,3.181627,17.760219,48.09846,35.734868,9.766312,,22.201387,139.028,,,,4.996329
1981,,,,,,,,,,,,,,,,,84.25,2.029834,,,,,,,,,9.780562,,2.532835,
1981,,,,,,,,,,15.367229,,,,,,,,,,,,,,,,,,,,
1981,0.97905,68.890104,,4.077779,0.001682,,19.855,11.913085,34.976465,,14.286,3.18545,75.440505,1.808103,4.107063,1.13,,,3.272922,18.197198,,36.062309,9.851362,,22.352635,139.816,,,,5.035881
1982,,,,,,,,,,,,,,,,,87.4,2.078394,,,,,,,,,10.272265,,2.646466,
1982,,,,,,,,,,15.729431,,,,,,,,,,,,,,,,,,,,
1982,0.99204,70.53751,,4.118135,0.0017247,,20.334,12.189817,35.734273,,14.34,3.216901,77.427539,1.823791,4.122511,1.19,,,3.368763,18.635588,,36.398652,9.911771,,22.477703,140.766,,,,5.074316
1983,,,,,,,,,,,,,,,,,89.9,2.127,,,,,,,,,10.78869,,2.681061,
1983,,,,,,,,,,16.100623,,,,,,,,,,,,,,,,,,,,
1983,1.002175,72.198133,,4.155748,0.0017675,,20.815,12.439773,36.491804,,14.395,3.258452,79.414841,1.831444,4.134353,1.285,,,3.468533,19.075874,,36.744964,9.957865,,22.553074,141.842,,,,5.109626
1984,,,,,,,,,,,,,,,,,92.4,2.175942,,,,,,0.3523,,,11.331074,,2.732221,
1984,,,,,,,,,,16.477488,,,,,,,,,,,,,,,,,,,,
1984,1.012042,73.867663,,4.194169,0.0018089,,21.297,12.63612,37.24153,,14.454,3.29809,81.448757,1.837295,4.145845,1.357,,,3.571275,19.518555,,37.063303,9.996232,,22.624505,142.823,,,,5.144568
1985,,,,,,,,,,,,,,,,,94.9,2.225132,,,,,,0.362454,,,11.900727,,2.735957,
1985,,,,,,,,,,16.858315,,,,,,,,,,,,,,,,,,,,
1985,1.020544,75.543717,,4.234319,0.0018543,,21.779,12.764385,37.977087,,14.529,3.323811,83.562776,1.84474,4.159187,1.416,,,3.676206,19.965797,,37.340467,10.023613,,22.724836,143.835,,,,5.178967
1986,,,,,,,,,,,,,,,,,97.5,2.27444,,,,,,0.373395,,,12.499018,,2.733373,
1986,,,,,,,,,,17.239677,,,,,,,,,,,,,,,,,,,,
1986,1.028233,77.203588,,4.273612,0.0019006,,22.261,12.808566,38.698484,,14.615,3.340633,85.766396,1.850679,4.175521,1.438,,,3.783074,20.417262,,37.571771,10.032734,,22.823479,145.115,,,,5.208708
1987,,,,,,,,,,,,,,,,,100.1,2.323965,,,,,,0.38385,,,13.127388,,2.774789,
1987,,,,,,,,,,17.623697,,,,,,,,,,,,,,,,,,,,
1987,1.040343,78.850462,,4.303399,0.0019497,,22.742,12.786353,39.40435,,14.715,3.352493,88.048029,1.856378,4.198288,1.424,,,3.891725,20.869717,,37.764318,10.030031,,22.94043,146.343,,,,5.236972
1988,,,,,,,,,,,,,,,,,102.7,2.373821,,,,,,0.395209,,,13.787347,,2.846108,
1988,,,,,,,,,,18.020755,,,,,,,,,,,,,,,,,,,,
1988,1.049347,80.476319,,4.33536,0.001997,,23.22,12.758003,40.085653,,14.805,3.361313,90.395278,1.85892,4.220686,1.501,,,4.001678,21.319883,,37.884655,10.01961,,23.053552,147.4,,,,5.26422
1989,,,,,,,,,,,,,,,,,105.4,2.423924,,,,,,0.407571,,,14.480486,,2.930901,
1989,,,,,,,,,,18.445021,,,,,,,,,,,,,,,,,,,,
1989,1.057424,82.085123,,4.359377,2.043954,,23.696,12.80595,40.731439,,14.893,3.377543,92.788039,1.863007,4.233116,1.559,,,4.112396,21.764515,,37.988,10.005,,23.211395,147.665081,,,,5.287663
1990,,,,,,,,,,,,,,,,,109.71,2.474119,,,,,,0.420779,,,15.208471,,3.047132,
1990,,,,,,,,,,18.90548,,,,,,,,,,,,,,,,,,,,
1990,1.065818,83.691596,,4.364077,2.153466,,24.487,12.987292,41.335188,,15.01,3.413677,95.212454,1.861361,4.24983,1.625,,,4.223413,22.203931,60.703206,38.073,9.970441,,23.192274,148.273746,,,,5.310711
1991,,,,,,,,,,,,,,,,,112.61,2.527391,,,,,,0.434372,,,15.973055,7.595636,3.135083,
1991,,,,,,,,,,19.405506,,,,,,,,,,,,,,,,,,,,
1991,1.077571,85.310987,,4.356877,2.177217,,25.02,13.328029,41.890192,,15.129,3.516,97.667632,1.86771,4.273634,1.757,,,4.334348,22.640305,,38.144,9.950029,,22.811392,148.514692,,,,5.295877
1992,,,,,,,,,,,,,,,,,115.54,2.581476,,,,,,0.448571,,,16.758379,7.604063,3.230698,
1992,,,,,,,,,,19.938322,,,,,,,,,,,,,,,,,,,,
1992,1.091888,86.940705,,4.345577,2.158362,,25.547,13.805999,42.401686,,15.239,3.5522,100.161708,1.889358,4.299167,1.882,,,4.445019,23.07315,,38.203,9.954958,,22.778533,148.561694,,,,5.314155
1993,,,,,,,,,,,,,,,,,118.5,2.636079,,,,,,0.463967,,,17.277172,7.614328,3.313471,
1993,,,,,,,,,,20.489973,,,,,,,,,,,,,,,,,,,,
1993,1.105234,88.562177,,4.350485,2.171898,,26.069,14.37095,42.889992,,15.342,3.5978,102.700751,1.917563,4.324815,2.018074,,,4.555518,23.501974,,38.239,9.974391,,22.748027,148.355867,,,,5.336455
1994,,,,,,,,,,,,,,,,,121.48,2.691244,,,,,,0.48033,,,17.701609,7.622711,3.419048,
1994,,,,,,,,,,21.040899,,,,,,,,,,,,,,,,,,,,
1994,1.11729,90.163548,,4.345685,2.206892,,26.019,14.94805,43.383421,,15.424,3.6483,105.293701,1.957265,4.34841,2.04946,,,4.666096,23.9263,,38.265,10.008659,,22.712394,148.459937,,,,5.356207
1995,,,,,,,,,,,,,,,,,124.49,2.746944,,,,,,0.497551,,,18.136475,7.628264,3.524506,
1995,,,,,,,,,,21.576074,,,,,,,,,,,,,,,,,,,,
1995,1.128908,91.7402,,4.33187,2.242998,,26.386,15.483277,43.901598,,15.493889,3.7067,107.948339,1.9748,4.369959,2.13973,,,4.776838,24.348132,68.613706,38.284,10.043693,,22.656145,148.291638,,,,5.36779
1996,,,,,,,,,,,,,,,,,127.51,2.803853,,,,,,0.515576,,,18.582022,7.622185,3.670704,
1996,,,,,,,,,,22.090352,,,,,,,,,,,,,,,,,,,,
1996,1.14196,93.269981,,4.317513,2.276016,,26.848,15.960445,44.452203,,15.567107,3.7623,110.668784,1.991398,4.392714,2.21473,,,4.887638,24.767794,,38.294,10.084196,,22.581862,148.028613,,,,5.378932
1997,,,,,,,,,,,,,,,,,130.56,2.8617,,,,,,0.536474,,,19.038516,7.598538,3.796038,
1997,,,,,,,,,,22.584772,,,,,,,,,,,,,,,,,,,,
1997,1.155344,94.737983,,3.655614,2.307484,,27.31,16.397175,45.027223,,15.654192,3.8027,113.457661,2.00234,4.417599,2.25562,,,4.998096,25.182269,,38.29,10.133758,,22.526093,147.802133,,,,5.38765
1998,,,,,,,,,,,,,,,,,132.35,2.920591,,,,,,0.56099,,,19.506225,7.567745,3.927213,
1998,,,,,,,,,,23.057875,,,,,,,,,,,,,,,,,,,,
1998,1.166902,96.134593,,3.64993,2.340134,,27.775,16.813946,45.61122,,15.760225,3.8292,116.319763,2.012705,4.445329,2.28765,,,5.10784,25.588546,,38.277,10.186634,,22.488595,147.539426,,,,5.393382
1999,,,,,,,,,,,,,,,,,136.69,2.980088,,,,,,0.58677,,,19.985424,7.540401,3.958723,
1999,,,,,,,,,,23.509971,,,,,,,,,,,,,,,,,,,,
1999,1.180361,97.460436,,3.64407,2.373493,,28.238,17.244176,46.181075,,15.86395,3.8511,119.260055,2.021578,4.478497,2.32545,,,5.216346,25.983588,,38.263303,10.249022,,22.455485,146.890128,,,,5.398657
2000,,,,,,0.60495,,,,,,,,,,,139.76,3.040701,,,,,,0.613969,,,20.476393,7.516346,4.027887,
2000,,,,,,,,,,23.941099,,,,,,,,,,,,,,,,,,,,
2000,1.193175,98.70705,,3.635112,2.403105,,28.705,17.711925,46.719698,,15.987075,3.8731,122.8767,2.031112,4.503436,2.401256,,,5.28448,26.366533,76.485088,38.253955,10.330774,,22.430457,146.303611,,,,5.402547
2001,,,,,,0.607389,,,,,,,,,,,142.86,3.102268,,,,,,0.643364,,,20.979425,7.503433,4.138012,
2001,,,,,,,,,,23.15,,,,,,,,,,,,,,,,,,,,
2001,1.205388,100.027287,,3.627812,2.432397,,29.17,18.221884,47.225119,,16.105285,3.9162,126.005,2.038651,4.524066,2.477687,,,5.38500181,26.739379,,38.242197,10.394669,,21.833483,145.649334,,,,5.378951
2002,,,,,,0.609828,,,,,,,,,,,146.02,3.164354,,,,,,0.676498,,,21.494813,7.500031,4.17595,
2002,,,,,,,,,,23.670875,,,,,,,,,,,,,,,,,,,,
2002,1.216492,101.447849,,3.618312,2.465657,,29.631,18.764147,47.702163,,16.192572,3.9895,129.2246,2.023654,4.552252,2.537742,,,5.48461006,27.103457,,38.218531,10.444592,,21.627509,144.96365,,,,5.379161
2003,,,,,,0.612267,,,,,,,,,,,149.32,3.226535,,,,,,0.713859,,,22.022864,7.480591,4.114826,
2003,,,,,,,,,,24.20346969,,,,,,,,,,,,,,,,,,,,
2003,1.227839,102.883299,,3.607435,2.495091,,30.088,19.331097,48.148907,,16.258032,4.0616,132.5501,2.029892,4.577457,2.340815,,,5.5834837,27.460073,,38.190608,10.47305,,21.521142,144.333586,,,,5.380053
2004,,,,,,0.613353,,,,,,,,,,,152.66,3.288733,,,,,,0.798059,,,22.563886,7.463157,4.166664,
2004,,,,,,,,,,24.74804776,,,,,,,,,,,,,,,,,,,,
2004,1.237772,104.289107,,3.600436,2.521733,,29.892,19.910549,48.564489,,16.305526,4.1143,135.9993,2.035196,4.606363,2.415576,,,5.681872,27.81054,,38.173835,10.494672,,21.382354,143.801046,,,,5.384822
2005,,,,,,0.614261,,,,,,,,,,,156.04,3.351007,,,,,,0.906123,,,23.329584,7.440769,4.265762,
2005,,,,,,,,,,25.30487883,,,,,,,,,,,,,,,,,,,,
2005,1.248585,105.64867,,3.589936,2.551081,,30.172,20.493927,48.949931,,16.33421,4.161,139.5859,2.038514,4.640219,2.508837,,,5.77976879,28.151443,,38.157055,10.511988,,21.257016,143.236582,,,,5.38918
2006,,,,,,0.615025,,,,,,,,,,,159.46,3.413399,,,,,,1.042947,,,24.12189,7.411569,4.401365,
2006,,,,,,,,,,25.8742386,,,,,,,,,,,,,,,,,,,,
2006,1.256727,107.089871,,3.58111,2.583254,,30.505,21.080108,49.301049,,16.357992,4.2091,140.43179,2.041941,4.681134,2.577062,,,5.87732299,28.481901,,38.125479,10.532588,,21.130503,142.862692,,,,5.393637
2007,,,,,,0.615875,,,,,,,,,,,162.91,3.475741,,,,,,1.21825,,,24.941298,7.381579,4.588599,
2007,,,,,,,,,,25.1800293,,,,,,,,,,,,,,,,,,,,
2007,1.264863,108.678105,,3.572703,2.620446,,30.841,20.632434,49.621479,,16.405399,4.2457,145.325769,2.045177,4.737171,2.743499,,,5.97466591,28.807034,88.546087,38.115641,10.553339,,20.63546,142.747535,,,,5.400998
2008,,,,,,0.616969,,,,,,,,,,,166.41,3.537986,,,,,,1.448479,,,25.787025,7.350222,4.839396,
2008,,,,,,,,,,25.53254971,,,,,,,,,,,,,,,,,,,,
2008,1.272031,110.395824,,3.567512,2.665955,,31.177,21.207929,49.929642,,16.485787,4.2803,149.93351,2.048619,4.799252,2.867428,,,6.07178095,29.132013,,38.135876,10.563014,,20.44029,142.737196,,,,5.412254
2009,,,,,,0.618294,,,,,,,,,,,169.94,3.6,,,,,,1.638626,,,26.660857,7.320807,4.987573,
2009,,,,,,,,,,25.89000541,,,,,,,,,,,,,,,,,,,,
2009,1.277851,112.152636,,3.563695,2.716275,,31.514,21.802866,50.250366,,16.574989,4.3321,154.642926,2.052722,4.858199,3.173917,,,6.16875748,29.461933,,38.167329,10.573479,,20.294683,142.833502,,,,5.424925
2010,,,,,,0.619428,,,,,,,,,,,173.51,3.661835,,,,,,1.715098,,,23.978487,7.291436,5.076732,
2010,,,,,,,,,,26.25246548,,,,,,,,,,,,,,,,,,,,
2010,1.283415,113.904391,,3.56043,2.760968,,31.851,22.416881,50.600827,,16.655799,4.3739,159.500688,2.057284,4.920305,2.773479,,,6.2658767,29.797694,92.335113,38.529866,10.572721,,20.199059,142.865433,,,,5.435273
2011,,,,,,0.620079,,,,,,,,,,,177.1,3.723821,,,,,,1.732717,,,25.091867,7.236519,5.183688,
2011,,,,,,,,,,26.494504,,,,,,,,,,,,,,,,,,,,
2011,1.254139,115.604281,,3.559541,2.811666,,32.245,23.049621,50.990612,,16.730348,4.3994,164.272861,2.059794,4.98587,3.295298,,,6.36327649,30.135875,,38.538447,10.55895,,20.095996,143.056383,,,,5.404322
2012,,,,,,0.620601,,,,,,,,,,,180.71,3.787511,,,,,,1.832903,,,26.168861,7.201497,5.312437,
2012,,,,,,,,,,26.8521798,,,,,,,,,,,,,,,,,,,,
2012,1.25749,117.284666,,3.559497,2.867744,,32.597,23.700715,51.413703,,16.779575,4.4259,169.087829,2.062294,5.051275,3.623001,,,6.46104086,30.475144,,38.533299,10.503889,,20.020074,143.347059,,,,5.410836
2013,,,,,,0.621207,,,,,,,,,,,184.35,3.850735,,,,,,2.0037,,,27.624004,7.166553,5.399162,
2013,,,,,,,,,,27.21468423,,,,,,,,,,,,,,,,,,,,
2013,1.259838,118.832937,2.869302,3.557634,2.930277,,32.95,24.366112,51.852464,,16.829289,4.4774,173.876409,2.065769,5.109056,3.855206,,,6.55902714,30.814175,,38.495659,10.444092,,19.953089,143.666931,,,,5.415949
2014,,,,,,0.62181,,,,,,,,,,,188.02,3.913275,,,,,,2.21618,,,28.309273,7.131787,5.469724,
2014,,,,,,,,,,27.58208247,,,,,,,,,,,,,,,,,,,,
2014,1.261721,120.358919,2.846327,3.555159,2.995949,,33.304,25.041922,52.280816,,16.900726,4.5644,178.605318,2.069172,5.165802,3.992893,,,6.657232,31.151643,,38.478602,10.395121,,19.875542,146.267288,,,,5.421349
2015,,,,,,0.622159,,,,,,,,,,,191.71,3.975404,,,,,,2.43779,,,29.816382,7.095383,5.535002,
2015,,,,,,,,,,27.95444058,,,,,,,,,,,,,,,,,,,,
2015,1.262862,121.734816,2.825628,3.553056,3.057778,,34.12487,25.727911,52.680724,,16.97912,4.6637,187.301926,2.071278,5.213985,4.159102,,,6.75575599,31.488625,100.979303,38.437239,10.368554,,19.760585,146.54471,,,,5.426252
2016,,,,,,0.622303,,,,,,,,,,,198.79,4.037043,,,,,,2.617634,,,30.954198,7.058322,5.607283,
2016,,,,,,,,,,27.62978374,,,,,,,,,,,,,,,,,,,,
2016,1.26382,122.998711,2.780744,3.550852,3.119935,,34.486536,26.423623,53.045199,,17.081507,4.7676,193.392517,2.073702,5.258317,4.414051,,,6.85453575,31.826018,,38.432992,10.344478,,19.643949,146.804372,,,,5.435343
2017,,,,,,0.622373,,,,,,,,,,,207.68,4.098135,,,,,,2.54582,,,30.977355,7.020858,5.612253,
2017,,,,,,,,,,27.88342515,,,,,,,,,,,,,,,,,,,,
2017,1.265309,124.172611,2.729634,3.547539,3.177899,,34.852121,27.864265,53.382521,,17.181084,4.8595,199.681159,2.075301,5.295619,4.559963,,,6.95364603,32.162184,,38.433558,10.33577,,19.533481,146.87708775,,,,5.44312
2018,,,,,,0.622227,,,,,,,,,,,211.82,4.158783,,,,,,2.580734,,,30.196281,6.982604,5.638676,
2018,,,,,,,,,,28.139395,,,,,,,,,,,,,,,,,,,,
2018,1.265637,125.378294,2.684772,3.542708,3.238479,,35.219547,28.58572,53.708318,,17.282163,4.9412,196.042933,2.077132,5.328212,4.601706,,,7.0529832,32.49551,,38.411148,10.333496,,19.425873,146.78072,,,,5.450421
2019,,,,,,0.622028,,,,,,,,,,,216.08,4.218808,,,,,,2.638657,,,30.063799,6.945235,5.703569,
2019,,,,,,,,,,28.39771464,,,,,,,,,,,,,,,,,,,,
2019,1.265475,126.609909,2.643675,,3.296866,,35.587,29.318301,54.045422,,17.407585,5.0404,201.135262,2.076255,5.36758,4.617927,,,7.15270273,32.824358,,38.382576,10.375395,,19.354339,146.74859,,,,5.457873
2020,,,,,,0.621306,,,,,,,,,,,220.4,4.2785,,,,,,2.794148,,,31.55251,6.899126,5.685807,
2020,,,,,,,,,,28.65840566,,,,,,,,,,,,,,,,,,,,
2020,1.26603,127.817992,2.626585,,3.357542,,35.951552,30.066648,54.409794,,17.475415,5.1037,206.283338,2.068808,5.391369,4.481042,,,7.25267197,33.149016,109.033245,38.089,10.394297,,19.229519,146.171015,,,,5.459781
2021,,,,,,0.619211,,,,,,,,,,,224.78,4.337406,,,,,,2.50491,,,30.784383,6.834326,5.453566,
2021,,,,,,,,,,28.92148983,,,,,,,,,,,,,,,,,,,,
2021,1.263888,128.600339,2.56503,,3.409939,,36.313189,30.832244,,,17.590672,5.1165,211.493324,1.834085,5.42527,4.527446,,,7.35303821,33.470569,,37.908,10.421117,,19.042455,145.557576,,,,5.434712
2022,,,,,,0.617213,,,,,,,,,,,229.22,4.395414,,,,,,2.657333,,,32.175224,6.664449,5.637022,
2022,,,,,,,,,,29.1869891,,,,,,,,,,,,,,,,,,,,
2022,1.261196,129.365552,2.512758,,3.457548,,,31.616078,,,17.811291,5.1591,216.783381,1.829954,5.488984,4.93385,,,7.45369478,33.788589,,37.766,,,19.054548,146.447424,,,,5.428792
2023,,,,,,,,,,,,,,,,,,4.452823,,,,,,2.656032,,,,,5.917648,
2023,,,,,,,,,,29.45726062,,,,,,,,,,,,,,,,,,,,
2023,,130.555656,,,,,,32.419747,,,,,,,,5.165602,,,7.5547959,,,,,,,146.203613,,,,