Year,Albania,Algeria,Argentina,Armenia,Australia,Austria,Azerbaijan,Bahrain,Bangladesh,Belarus,Belgium,Bolivia,Bosnia and Herzegovina,Botswana,Brazil,Brunei,Bulgaria,Cambodia,Canada,Chile,China,Colombia,Croatia,Cyprus,Czech Republic,Denmark,Ecuador,Egypt,Estonia,Finland
1749,,,,,,,,,,,,,,,,,,,,,,,,,,,,,,0.4104
1750,,,,,,,,,,,,,,,,,,,,,,,,,,,,,,0.421537
1751,,,,,,,,,,,,,,,,,,,,,,,,,,,,,,0.429912
1752,,,,,,,,,,,,,,,,,,,,,,,,,,,,,,0.437633
1753,,,,,,,,,,,,,,,,,,,,,,,,,,,,,,0.445327
1754,,,,,,,,,,,,,,,,,,,,,,,,,,,,,,0.450141
1755,,,,,,,,,,,,,,,,,,,,,,,,,,,,,,0.457838
1756,,,,,,,,,,,,,,,,,,,,,,,,,,,,,,0.462562
1757,,,,,,,,,,,,,,,,,,,,,,,,,,,,,,0.470891
1758,,,,,,,,,,,,,,,,,,,,,,,,,,,,,,0.476011
1759,,,,,,,,,,,,,,,,,,,,,,,,,,,,,,0.48291
1760,,,,,,,,,,,,,,,,,,,,,,,,,,,,,,0.491067
1761,,,,,,,,,,,,,,,,,,,,,,,,,,,,,,0.501433
1762,,,,,,,,,,,,,,,,,,,,,,,,,,,,,,0.50902
1763,,,,,,,,,,,,,,,,,,,,,,,,,,,,,,0.511692
1764,,,,,,,,,,,,,,,,,,,,,,,,,,,,,,0.518261
1765,,,,,,,,,,,,,,,,,,,,,,,,,,,,,,0.525219
1766,,,,,,,,,,,,,,,,,,,,,,,,,,,,,,0.532091
1767,,,,,,,,,,,,,,,,,,,,,,,,,,,,,,0.537754
1768,,,,,,,,,,,,,,,,,,,,,,,,,,,,,,0.546503
1769,,,,,,,,,,,,,,,,,,,,,,,,,,,,,,0.553703
1770,,,,,,,,,,,,,,,,,,,,,,,,,,,,,,0.560984
1771,,,,,,,,,,,,,,,,,,,,,,,,,,,,,,0.56901
1772,,,,,,,,,,,,,,,,,,,,,,,,,,,,,,0.578145
1773,,,,,,,,,,,,,,,,,,,,,,,,,,,,,,0.588437
1774,,,,,,,,,,,,,,,,,,,,,,,,,,,,,,0.600391
1775,,,,,,,,,,,,,,,,,,,,,,,,,,,,,,0.610145
1776,,,,,,,,,,,,,,,,,,,,,,,,,,,,,,0.616448
1777,,,,,,,,,,,,,,,,,,,,,,,,,,,,,,0.622585
1778,,,,,,,,,,,,,,,,,,,,,,,,,,,,,,0.634804
1779,,,,,,,,,,,,,,,,,,,,,,,,,,,,,,0.649569
1780,,,,,,,,,,,,,,,,,,,,,,,,,,,,,,0.663887
1781,,,,,,,,,,,,,,,,,,,,,,,,,,,,,,0.665908
1782,,,,,,,,,,,,,,,,,,,,,,,,,,,,,,0.67158
1783,,,,,,,,,,,,,,,,,,,,,,,,,,,,,,0.672077
1784,,,,,,,,,,,,,,,,,,,,,,,,,,,,,,0.678364
1785,,,,,,,,,,,,,,,,,,,,,,,,,,,,,,0.679396
1786,,,,,,,,,,,,,,,,,,,,,,,,,,,,,,0.69001
1787,,,,,,,,,,,,,,,,,,,,,,,,,,,,,,0.702963
1788,,,,,,,,,,,,,,,,,,,,,,,,,,,,,,0.70627
1789,,,,,,,,,,,,,,,,,,,,,,,,,,,,,,0.705088
1790,,,,,,,,,,,,,,,,,,,,,,,,,,,,,,0.705623
1791,,,,,,,,,,,,,,,,,,,,,,,,,,,,,,0.706566
1792,,,,,,,,,,,,,,,,,,,,,,,,,,,,,,0.723269
1793,,,,,,,,,,,,,,,,,,,,,,,,,,,,,,0.741003
1794,,,,,,,,,,,,,,,,,,,,,,,,,,,,,,0.752372
1795,,,,,,,,,,,,,,,,,,,,,,,,,,,,,,0.770831
1796,,,,,,,,,,,,,,,,,,,,,,,,,,,,,,0.783526
1797,,,,,,,,,,,,,,,,,,,,,,,,,,,,,,0.800141
1798,,,,,,,,,,,,,,,,,,,,,,,,,,,,,,0.813526
1799,,,,,,,,,,,,,,,,,,,,,,,,,,,,,,0.822603
1800,,,,,,,,,,,,,,,,,,,,,,,,,,,,,,0.832659
1801,,,,,,,,,,,,,,,,,,,,,,,,,,,,,,0.848906
1802,,,,,,,,,,,,,,,,,,,,,,,,,,,,,,0.864695
1803,,,,,,,,,,,,,,,,,,,,,,,,,,,,,,0.868186
1804,,,,,,,,,,,,,,,,,,,,,,,,,,,,,,0.881763
1805,,,,,,,,,,,,,,,,,,,,,,,,,,,,,,0.898364
1806,,,,,,,,,,,,,,,,,,,,,,,,,,,,,,0.905607
1807,,,,,,,,,,,,,,,,,,,,,,,,,,,,,,0.906787
1808,,,,,,,,,,,,,,,,,,,,,,,,,,,,,,0.874772
1809,,,,,,,,,,,,,,,,,,,,,,,,,,,,,,0.854785
1810,,,,,,,,,,,,,,,,,,,,,,,,,,,,,,0.863301
1811,,,,,,,,,,,,,,,,,,,,,,,,,,,,,,1.053374
1812,,,,,,,,,,,,,,,,,,,,,,,,,,,,,,1.069261
1813,,,,,,,,,,,,,,,,,,,,,,,,,,,,,,1.078332
1814,,,,,,,,,,,,,,,,,,,,,,,,,,,,,,1.08323
1815,,,,,,,,,,,,,,,,,,,,,,,,,,,,,,1.095957
1816,,,,,,,,,,,,,,,,,,,,,,,,,,,,,,1.114705
1817,,,,,,,,,,,,,,,,,,,,,,,,,,,,,,1.133326
1818,,,,,,,,,,,,,,,,,,,,,,,,,,,,,,1.150654
1819,,,,,,,,,,,,,,,,,,,,,,,,,,,,,,1.162648
1820,,,,,,,,,,,,,,,,,,,,,,,,,,,,,,1.177546
1821,,,,,,,,,,,,,,,,,,,,,,,,,,,,,,1.199918
1822,,,,,,,,,,,,,,,,,,,,,,,,,,,,,,1.209729
1823,,,,,,,,,,,,,,,,,,,,,,,,,,,,,,1.229768
1824,,,,,,,,,,,,,,,,,,,,,,,,,,,,,,1.243201
1825,,,,,,,,,,,,,,,,,,,,,,,,,,,,,,1.259151
1826,,,,,,,,,,,,,,,,,,,,,,,,,,,,,,1.274744
1827,,,,,,,,,,,,,,,,,,,,,,,,,,,,,,1.294132
1828,,,,,,,,,,,,,,,,,,,,,,,,,,,,,,1.315779
1829,,,,,,,,,,,,,,,,,,,,,,,,,,,,,,1.332028
1830,,,,,,,,,,,,,,,,,,,,,,,,,,,,,,1.372077
1831,,,,,,,,,,,,,,,,,,,,,,,,,,,,,,1.381901
1832,,,,,,,,,,,,,,,,,,,,,,,,,,,,,,1.383465
1833,,,,,,,,,,,,,,,,,,,,,,,,,,,,,,1.361824
1834,,,,,,,,,,,,,,,,,,,,,,,,,,,,,,1.379842
1835,,,,,,,,,,,,,,,,,,,,,,,,,,,,,,1.393727
1836,,,,,,,,,,,,,,,,,,,,,,,,,,,,,,1.392367
1837,,,,,,,,,,,,,,,,,,,,,,,,,,,,,,1.39664
1838,,,,,,,,,,,,,,,,,,,,,,,,,,,,,,1.409445
1839,,,,,,,,,,,,,,,,,,,,,,,,,,,,,,1.427804
1840,,,,,,,,,,,,,,,,,,,,,,,,,,,,,,1.445626
1841,,,,,,,,,,,,,,,,,,,,,,,,,,,,,,1.463071
1842,,,,,,,,,,,,,,,,,,,,,,,,,,,,,,1.486136
1843,,,,,,,,,,,,,,,,,,,,,,,,,,,,,,1.50701
1844,,,,,,,,,,,,,,,,,,,,,,,,,,,,,,1.527543
1845,,,,,,,,,,,,,,,,,,,,,,,,,,,,,,1.547724
1846,,,,,,,,,,,,,,,,,,,,,,,,,,,,,,1.56105
1847,,,,,,,,,,,,,,,,,,,,,,,,,,,,,,1.578436
1848,,,,,,,,,,,,,,,,,,,,,,,,,,,,,,1.599279
1849,,,,,,,,,,,,,,,,,,,,,,,,,,,,,,1.620851
1850,,,,,,,,,,,,,,,,,,,,,,,,,,,,,,1.636915
1851,,,,,,,,,,,,,,,,,,,,,,,,,,,,,,1.65761
1852,,,,,,,,,,,,,,,,,,,,,,,,,,,,,,1.66279
1853,,,,,,,,,,,,,,,,,,,,,,,,,,,,,,1.669191
1854,,,,,,,,,,,,,,,,,,,,,,,,,,,,,,1.685488
1855,,,,,,,,,,,,,,,,,,,,,,,,,,,,,,1.688705
1856,,,,,,,,,,,,,,,,,,,,,,,,,,,,,,1.693283
1857,,,,,,,,,,,,,,,,,,,,,,,,,,,,,,1.694447
1858,,,,,,,,,,,,,,,,,,,,,,,,,,,,,,1.706774
1859,,,,,,,,,,,,,,,,,,,,,,,,,,,,,,1.725957
1860,,,,,,,,,,,,,,,,,,,,,,,,,,,,,,1.746725
1861,,,,,,,,,,,,,,,,,,,,,,,,,,,,,,1.770643
1862,,,,,,,,,,,,,,,,,,,,,,,,,,,,,,1.786194
1863,,,,,,,,,,,,,,,,,,,,,,,,,,,,,,1.797421
1864,,,,,,,,,,,,,,,,,,,,,,,,,,,,,,1.826981
1865,,,,,,,,,,,,,,,,,,,,,,,,,,,,,,1.843245
1866,,,,,,,,,,,,,,,,,,,,,,,,,,,,,,1.837506
1867,,,,,,,,,,,,,,,,,,,,,,,,,,,,,,1.824198
1868,,,,,,,,,,,,,,,,,,,,,,,,,,,,,,1.727538
1869,,,,,,,,,,,,,,,,,,,,,,,,,,,,,,1.73956
1870,,,,,,,,,,,,,,,,,,,,,,,,,,,,,,1.768769
1871,,,,,,,,,,,,,,,,,,,,,,,,,,,,,,1.803845
1872,,,,,,,,,,,,,,,,,,,,,,,,,,,,,,1.834611
1873,,,,,,,,,,,,,,,,,,,,,,,,,,,,,,1.859976
1874,,,,,,,,,,,,,,,,,,,,,,,,,,,,,,1.886117
1875,,,,,,,,,,,,,,,,,,,,,,,,,,,,,,1.912647
1876,,,,,,,,,,,,,,,,,,,,,,,,,,,,,,1.942656
1877,,,,,,,,,,,,,,,,,,,,,,,,,,,,,,1.971431
1878,,,,,,,,,,,,,,,,,,,,,,,,,,,,,,1.994573
1879,,,,,,,,,,,,,,,,,,,,,,,,,,,,,,2.032669
1880,,,,,,,,,,,,,,,,,2.823211,,,,,,,,,,,,,2.060782
1881,,,,,,,,,,,,,,,,,2.878854,,,,,,,,,,,,,2.082643
1882,,,,,,,,,,,,,,,,,2.935935,,,,,,,,,,,,,2.113302
1883,,,,,,,,,,,,,,,,,2.9945,,,,,,,,,,,,,2.146395
1884,,,,,,,,,,,,,,,,,3.054596,,,,,,,,,,,,,2.180547
1885,,,,,,,,,,,,,,,,,3.087474,,,,,,,,,,,,,2.208518
1886,,,,,,,,,,,,,,,,,3.120732,,,,,,,,,,,,,2.238572
1887,,,,,,,,,,,,,,,,,3.154375,,,,,,,,,,,,,2.27814
1888,,,,,,,,,,,,,,,,,3.185041,,,,,,,,,,,,,2.314179
1889,,,,,,,,,,,,,,,,,3.216005,,,,,,,,,,,,,2.347702
1890,,,,,,,,,,,,,,,,,3.247269,,,,,,,,,,,,,2.38014
1891,,,,,,,,,,,,,,,,,3.278838,,,,,,,,,,,,,2.4083
1892,,,,,,,,,,,,,,,,,3.310713,,,,,,,,,,,,,2.4225
1893,,,,,,,,,,,,,,,,,3.362036,,,,,,,,,,,,,2.4367
1894,,,,,,,,,,,,,,,,,3.414155,,,,,,,,,,,,,2.4657
1895,,,,,,,,,,,,,,,,,3.467082,,,,,,,,,,,,,2.4999
1896,,,,,,,,,,,,,,,,,3.520829,,,,,,,,,,,,,2.5309
1897,,,,,,,,,,,,,,,,,3.57541,,,,,,,,,,,,,2.5675
1898,,,,,,,,,,,,,,,,,3.630837,,,,,,,,,,,,,2.6103
1899,,,,,,,,,,,,,,,,,3.687123,,,,,,,,,,,,,2.6353
1900,,,,,,,,,,,,,,,,,3.744283,,,,,,,,,2.447,,,,2.6559
1901,,,,,,,,,,,,,,,,,3.8008,,,,,,,,,2.477,,,,2.6785
1902,,,,,,,,,,,,,,,,,3.8582,,,,,,,,,2.506,,,,2.6939
1903,,,,,,,,,,,,,,,,,3.9165,,,,,,,,,2.532,,,,2.7171
1904,,,,,,,,,,,,,,,,,3.9756,,,,,,,,,2.56,,,,2.7519
1905,,,,,,,,,,,,,,,,,4.035575,,,,,,,,,2.589,,,,2.773
1906,,,,,,,,,,,,,,,,,4.0943,,,,,,,,,2.621,,,,2.8037
1907,,,,,,,,,,,,,,,,,4.1538,,,,,,,,,2.652,,,,2.8387
1908,,,,,,,,,,,,,,,,,4.2141,,,,,,,,,2.687,,,,2.883
1909,,,,,,,,,,,,,,,,,4.2753,,,,,,,,,2.722,,,,2.9148
1910,,,,,,,,,,,,,,,,,4.337513,,,,,,,,,2.757,,,,2.9434
1911,,,,,,,,,,,,,,,,,4.4006,,,,,,,,,2.788,,,,2.98
1912,,,,,,,,,,,,,,,,,4.4645,,,,,,,,,2.82,,,,3.0155
1913,,,,,,,,,,,,,,,,,4.5289,,,,,,,,,2.851,,,,3.0358
1914,,,,,,,,,,,,,,,,,4.8753,,,,,,,,,2.886,,,,3.0695
1915,,,,,,,,,,,,,,,,,4.9786,,,,,,,,,2.921,,,,3.0963
1916,,,,,,,,,,,,,,,,,5.0269,,,,,,,,,2.958,,,,3.1142
1917,,,,,,,,,,,,,,,,,5.0758,,,,,,,,,2.991,,,,3.1343
1918,,,,,,,,,,,,,,,,,5.1252,,,,,,,,,3.027,,,,3.1153
1919,,,,,,,,,,,,,,,,,4.8039,,,,,,,,,3.061,,,,3.118
1920,,,,,,,,,,,,,,,,,4.846971,,,,,,,,,3.265,,,,3.1476
1921,,,,,,,,,,,,,,,,,4.9469,,,,,,,,,3.306,,,,3.1932
1922,,,,,,,,,,,,,,,,,5.049,,,,,,,,,3.34,,,,3.2278
1923,,,,,,,,,,,,,,,,,5.1532,,,,,,,,,3.372,,,,3.2586
1924,,,,,,,,,,,,,,,,,5.2595,,,,,,,,,3.406,,,,3.2862
1925,,,,,,,2.3137,,,,,,,,,,5.368,,,,,,,,,3.439,,,,3.3221
1926,,,,,,,,,,,,,,,,,5.478741,,,,,,,,,3.467,,,,3.3552
1927,,,,,,,2.4174,,,,,,,,,,5.5503,,,,,,,,,3.487,,,,3.3806
1928,,,,,,,2.494,,,,,,,,,,5.6228,,,,,,,,,3.51,,,,3.4121
1929,,,,,,,2.5695,,,,,,,,,,5.6962,,,,,,,,,3.531,,,,3.4353
1930,,,,,,,2.6736,,,,,,,,,,5.7706,,,,,,,,,3.557,,,,3.4627
1931,,,,,,,2.7846,,,,,,,,,,5.8459,,,,,,,,,3.59,,,,3.4896
1932,,,,,,,2.891,,,,,,,,,,5.9223,,,,,,,,,3.62,,,,3.516
1933,,,,,,,2.8696,,,,,,,,,,5.9996,,,,,,,,,3.651,,,,3.5366
1934,,,,,,,2.9338,,,,,,,,,,6.0779,,,,,,,,,3.683,,,,3.5616
1935,,,,,,,3.0043,,,,,,,,,,6.1254,,,,,,,,,3.711,,,,3.5896
1936,,,,,,,3.0826,,,,,,,,,,6.1733,,,,,,,,,3.738,,,,3.6124
1937,,,,,,,3.1674,,,,,,,,,,6.2215,,,,,,,,,3.765,,,,3.6402
1938,,,,,,,3.2052,,,,,,,,,,6.2701,,,,,,,,,3.794,,,,3.6721
1939,,,,,,,3.274,,,,,,,,,,6.319,,,,,,,,,3.826,,,,3.6997
1940,,,,,,,3.3318,,,,,,,,,,6.3684,,,,,,,,,3.849,,,,3.695617
1941,,,,,,,3.1571,,,,,,,,,,6.7429,,,,,,,,,3.882,,,,3.707815
1942,,,,,,,2.9181,,,,,,,,,,6.7992,,,,,,,,,3.926,,,,3.708801
1943,,,,,,,2.7767,,,,,,,,,,6.856,,,,,,,,,3.973,,,,3.732532
1944,,,,,,,2.7056,,,,,,,,,,6.9133,,,,,,,,,4.023,,,,3.737096
1945,,,,,,,2.7345,,,,,,,,,,6.9711,,,,,,,,,4.075,,,,3.77889
1946,,,,,,,2.7405,,,,,,,,,,7.029349,,,,,,,,,4.123,,,,3.833072
1947,,,,,,,2.6993,,,,,,,,,,7.098,,,,,,,,,4.168,,,,3.885284
1948,,,,,,,2.7326,,,,,,,,,,7.1622,,,,,,,,,4.211,,,,3.93784
1949,,,,,,,2.8589,,,7.709,,,,,,,7.2279,,,,541.67,,,,,4.252,,,,3.987996
1950,,8.892718,,,,,,0.11484,,,,,,,53.974728,,,,14.011422,,,,,,,,,,,
1950,,,17.150336,,8.177348,6.9351,2.9335,,,7.7811,,3.081836,,0.412541,,0.048009,7.2731,4.432724,,6.598518,551.96,11.981576,,,8.925122,4.285,3.202757,,,4.029803
1951,,9.073304,,,,,,0.11758,,,,,,,55.606413,,,,14.330675,,,,,,,,,,,
1951,,,17.517342,,8.398224,6.926464,3.0565,,,7.7487,,3.124343,,0.424002,,0.050933,7.2432,4.537664,,6.72958,563,12.295965,,,9.02317,4.315,,,,4.064727
1952,,9.279525,,,,,,0.120447,,,,,,,57.283658,,,,14.785584,,,,,,,,,,,
1952,,,17.876954,,8.595064,6.929081,3.1493,,,7.6934,,3.17068,,0.435031,,0.053885,7.3067,4.656427,,6.869714,574.82,12.633899,,,9.125183,4.349,,,,4.116228
1953,,9.53171,,,,,,0.123469,,,,,,,58.999276,,,,15.183375,,,,,,,,,,,
1953,,,18.230815,,8.782177,6.935884,3.1919,,,7.6856,8.798,3.220683,,0.445334,,0.056918,7.3856,4.7832,,7.016465,587.96,12.993849,,,9.220908,4.389,,,,4.162609
1954,,9.611093,,,,,,0.126708,,,,,,,60.74949,,,,15.636245,,,,,,,,,,,
1954,,,18.580556,,8.970121,6.944534,3.2772,,,7.7572,8.841,3.274205,,0.45478,,0.060058,7.461,4.913749,,7.167909,602.66,13.374543,,,9.290617,4.424,,,,4.211191
1955,,9.841851,,,,,,0.130253,,,,,,,62.53392,,,,16.050356,,,,,,,,,,,
1955,,,18.92782,,9.1657,6.949235,3.3748,,,7.8502,8.896,3.331036,,0.463353,,0.063367,7.5378,5.045283,,7.322655,614.65,13.774999,,,9.365969,4.454,,,,4.258571
1956,,10.057133,,,,,,0.134207,,,,,,,64.355709,,,,16.445087,,,,,,,,,,,
1956,,,19.271511,,9.371781,6.955483,3.4843,,,7.91,8.951,3.39097,,0.471234,,0.066807,7.613709,5.176644,,7.479848,628.28,14.194561,,,9.44204,4.479,,,,4.304832
1957,,10.270856,,,,,,0.138655,,,,,,,66.221469,,,,17.010154,,,,,,,,,,,
1957,,,19.610538,,9.587459,6.976236,3.595,,,7.9616,9.027,3.453779,,0.478664,,0.070394,7.6888,5.308126,,7.639207,646.53,14.632794,,,9.513758,4.501,,,,4.34319
1958,,10.484925,,,,,,0.143798,,,,,,,68.140426,,,,17.462004,,,,,,,,,,,
1958,,,19.946536,,9.808595,6.998479,3.6977,,,8.0557,9.079,3.519193,,0.48608,,0.074095,7.7663,5.441323,,7.800869,659.94,15.089522,,,9.57465,4.532,,,,4.376314
1959,,10.696396,,,,,,0.149769,,,,,,,70.123372,,,,17.872034,,,,,,,,,,,
1959,,,20.281148,,10.028799,7.030182,3.8157,,,8.1474,9.129,3.586996,,0.49396,,0.07788,7.8292,5.578695,,7.965324,672.07,15.564624,,,9.618554,4.566,,,,4.413046
1960,,10.909294,,,,,,0.156648,,,,,,,72.179235,,,,18.266765,,,,4.140181,,,,,,,
1960,,,20.61601,,10.24207,7.064693,3.9733,,,8.2333,9.178,3.656961,,0.502733,,0.081707,7.9055,5.722372,,8.132988,662.07,16.057714,,,9.659818,4.601,,,,4.446222
1961,,11.121645,,,,,,0.164334,,,,,,,74.311338,,,,18.634977,,,,4.167292,,,,,,,
1961,,,20.950583,,10.445836,7.107904,4.1182,,,8.3352,9.19,3.728954,,0.512688,,0.08556,7.9807,5.872968,,8.303804,658.59,16.567817,,,9.58725,4.63,,,,4.475787
1962,,11.000948,,,,,,0.171863,,,,,,,76.514329,,,,18.985849,,,,4.196712,,,,,,,
1962,,,21.283784,,10.64342,7.151824,4.2181,,,8.4354,9.251,3.802996,,0.523777,,0.089484,8.0452,6.028434,,8.476895,672.95,17.092919,,,9.620282,4.666,4.56408,,,4.507098
1963,,11.272878,,,,,,0.179108,,,,,,,78.772647,,,,19.342841,,,,4.225675,,,,,,,
1963,,,21.616406,,10.845179,7.199798,4.369,,,8.4798,9.328,3.879191,,0.535692,,0.09354,8.1111,6.183586,,8.65039,691.72,17.629978,,,9.666468,4.703,,,,4.539519
1964,,11.612858,,,,,,0.185691,,,,,,,81.064572,,,,19.711053,,,,4.252876,,,,,,,
1964,,,21.949246,,11.065419,7.247804,4.5095,,,8.5579,9.428,3.957759,,0.54787,,0.097819,8.1775,6.331443,,8.821855,704.99,18.175187,,,9.72603,4.741,,,,4.557567
1965,,11.963091,,,,,,0.191378,,,,,,,83.373533,,,,20.071104,,,,4.280923,,,,,,,
1965,,,22.283102,,11.313186,7.293973,4.6398,,,8.6557,9.499,4.038865,,0.559996,,0.10239,8.2308,6.467191,,8.989607,725.38,18.725242,,,9.776922,4.779,,,,4.569896
1966,,12.33914,,,,,,0.196706,,,,,,,85.696502,,,,20.448496,,,,4.310701,,,,,,,
1966,,,22.611643,,11.593402,7.350159,4.7765,,,8.7618,9.556,4.122517,,0.571957,,0.107274,8.2853,6.585034,,9.152848,745.42,19.279734,,,9.815359,4.82,,,,4.591842
1967,,12.760499,,,,,,0.202182,,,,,,,88.035815,,,,20.819767,,,,4.338683,,,,,,,
1967,,,22.934338,,11.899644,7.406837,4.8875,,,8.8387,9.606,4.208683,,0.584098,,0.112446,8.3351,6.685961,,9.312091,763.68,19.837508,,,9.835109,4.855,,,,4.619645
1968,,13.146267,,,,,,0.207811,,,,,,,90.387079,,,,21.1431,,,,4.353,,,,,,,
1968,,,23.260684,,12.215704,7.426968,5.0095,,,8.915,9.632,4.297522,,0.596946,,0.117897,8.4041,6.779778,,9.468851,785.34,20.393704,,,9.851051,4.879,,,,4.633292
1969,,13.528304,,,,,,0.213596,,,,,,,92.746607,,,,21.448073,,,,4.379,,,,,,,
1969,,,23.600177,,12.518931,7.455142,5.1171,,,8.9922,9.66,4.389248,,0.611297,,0.123596,8.4643,6.880623,,9.625304,806.71,20.942453,,,9.806577,4.907,,,,4.614277
1970,,13.309,,,,,,0.219543,,,,,,,95.113265,,,,21.749986,,,,4.406,,,,,,,
1970,,,23.962314,,12.79303,7.47903,5.227,,,9.0487,9.651,4.484004,,0.627714,,0.12953,8.5149,6.996576,,9.783134,829.92,21.480064,,,9.795226,4.950598,,,,4.598336
1971,,13.739,,,,,,0.225375,,,,,,,97.482928,,,,21.962032,,,,4.43,,,,,,,
1971,,,24.354307,,13.03313,7.521933,5.3389,,,9.1181,9.695,4.581752,,0.64635,,0.135672,8.5579,7.13964,,9.942716,852.29,22.003983,,,9.824749,4.975653,,,,4.625912
1972,,14.171,,,,,,0.2308,,,,,,,99.859388,,,,22.218463,,,,4.447,,,,,,,
1972,,,24.769829,,13.244163,7.566469,5.444,,,9.1824,9.727,4.682392,,0.667096,,0.14198,8.5945,7.302114,,10.103675,871.77,22.516429,,,9.862158,5.007538,,,,4.653401
1973,,14.649,,,,,,0.238977,,,,,,,102.259497,,,,22.491777,,,,4.465,,,,,,,
1973,,,25.19805,,13.43179,7.60576,5.5438,,,9.2514,9.757,4.785916,,0.689906,,0.14588,8.6474,7.449233,,10.265827,892.11,23.024512,,,9.91208,5.036184,,,,4.678761
1974,,15.164,,,,,,0.248343,,,,,,,104.706193,,,,22.807969,,,,4.482,,,,,,,
1974,,,25.628164,,13.605574,7.592316,5.6444,,,9.3172,9.788,4.892294,,0.714701,,0.15094,8.71,7.533332,,10.428803,908.59,23.53839,,0.5057,9.97577,5.05441,6.52171,,,4.702387
1975,,15.768,,,,,,0.258789,,,,,,,107.216209,,,,23.143275,,,,4.5,,,,,,,
1975,,,26.049353,,13.77329,7.565489,5.7337,,,9.3605,9.813,5.001413,,0.741346,,0.15618,8.7314,7.524457,,10.59231,924.2,24.065502,,0.4983,10.042019,5.065313,,,,4.720492
1976,,16.45,,,,,,0.273661,,,,,,,109.790943,,,,23.449808,,,,4.517,,,,,,,
1976,,,26.458241,,13.935722,7.565561,5.8283,,,9.4062,9.823,5.113458,,0.769982,,0.1616,8.7857,7.404687,,10.756876,937.17,24.608102,,0.4976,10.105143,5.079879,,,,4.730836
1977,,17.058,,,,,,0.29741,,,,,,,112.425392,,,,23.725843,,,,4.535,,,,,,,
1977,,,26.862054,,14.092545,7.571299,5.924,,,9.4635,9.837,5.228253,,0.800532,,0.1672,8.8226,7.196042,,10.922777,949.74,25.164544,,0.498,10.161915,5.096959,,,,4.746967
1978,,17.6,,,,,,0.322535,,,,,,,115.121158,,,,23.963203,,,,4.553,,,,,,,
1978,,,27.265831,,14.249403,7.55331,6.0283,,,9.5325,9.842,5.344946,,0.832467,,0.173,8.8055,6.957267,,11.089165,962.59,25.733669,,0.5013,10.212894,5.111537,,,,4.758088
1979,,18.12,,,,,,0.33607,,,,,,,117.878412,,,,24.201544,,,,4.57,,,,,,,
1979,,,27.674632,,14.413002,7.54554,6.1143,,,9.5918,9.855,5.462413,,0.865073,,0.17901,8.8464,6.770393,,11.254877,975.42,26.312996,,0.5058,10.25967,5.122065,,,,4.771292
1980,,18.666,,,,,,0.347568,,,,,,,121.611375,,,,24.515667,,,,4.588,,,,,40.554,,
1980,,,28.093507,,14.5884,7.553326,6.2067,,,9.6629,9.863,5.579932,,0.89786,,0.18522,8.8766,6.693759,,11.41935,987.05,26.900508,,0.5123,10.288726,5.123989,,,,4.787778
1981,,19.262,,,,,,0.353669,,,,,,,124.340289,,,,24.819915,,,,4.608,,,,,41.706,,
1981,,,28.52412,,15.054117,7.584094,6.3088,,,9.7361,9.855,5.697098,,0.930412,,0.192832,8.9056,6.749849,,11.58202,1000.72,27.496608,,0.5182,10.297904,5.119155,,,,4.81215
1982,,19.883,,,,,,0.366108,,,,,,,127.065457,,,,25.116942,,,,4.635,,,,,42.846,,
1982,,,28.963109,,15.288891,7.564185,6.4063,,,9.8006,9.858,5.814344,,0.962859,,0.20039,8.9293,6.919803,,11.743909,1016.54,28.101824,,0.5246,10.303704,5.116464,8.138974,,,4.841715
1983,,20.522,,,,,,0.379011,,,,,,,129.774285,,,,25.366451,,,,4.659,,,,,44.015,,
1983,,,29.407972,,15.483496,7.559635,6.5133,,,9.8694,9.853,5.932812,,0.996124,,0.2079,8.9501,7.170004,,11.907955,1030.08,28.714183,,0.5315,10.306888,5.11213,,,,4.869858
1984,,21.185,,,,,,0.392398,,,,,,,132.457926,,,,25.607053,,,,4.68,,,,,45.237,,
1984,,,29.856213,,15.677282,7.563233,6.6224,,,9.929,9.858,6.054126,,1.031439,,0.2159,8.9712,7.447844,,12.078137,1043.57,29.33123,,0.5384,10.309224,5.111108,,,,4.893748
1985,,21.863,,,,,,0.406287,,,,,,,135.105916,,,,25.842116,,,,4.702,,,,,46.545,,
1985,,,30.305336,,15.900566,7.566736,6.7179,,,9.9864,9.859,6.17946,,1.069585,,0.2219,8.9499,7.714894,,12.257238,1058.51,30.419892,,0.5446,10.310162,5.116273,,,,4.910664
1986,,22.512,,,,,,0.420699,,,,,,,137.709651,,,,26.100278,,,,4.722,,,,,47.751,,
1986,,,30.757601,,16.138769,7.572852,6.8227,,,10.0428,9.865,6.309129,,1.110948,,0.2263,8.9665,7.960952,,12.445833,1075.07,30.980812,,0.5509,10.308836,5.124794,,,,4.925644
1987,,23.139,,,,,,0.435655,,,,,,,140.263693,,,,26.446601,,,,4.74,,,,,48.816,,
1987,,,31.214665,,16.394641,7.576319,6.928,,,10.0897,9.875716,6.442824,,1.154904,,0.2338,8.9763,8.198082,,12.642917,1093,31.550132,,0.5566,10.311597,5.129254,,,,4.938602
1988,,23.783,,,,,,0.451175,,,,,,,142.763545,,,,26.791747,,,,4.757,,,,,49.826,,
1988,,,31.673154,,16.687082,7.594315,7.0212,,,10.1518,9.927612,6.580318,,1.200073,,0.2414,8.9866,8.435909,,12.847712,1110.26,32.124173,,0.5627,10.313782,5.129778,9.804403,,,4.954359
1989,,24.409,,,,,,0.467283,,,,,,,145.206942,,,,27.276781,,,,4.767,,,,,50.858,,
1989,3.196781,,32.129676,3.5149,16.936723,7.644818,7.1319,,,10.1889,9.947782,6.721117,,1.244484,,0.2463,8.9923,8.691331,,13.058758,1127.04,32.697847,,0.5727,10.314343,5.135409,10.039775,,,4.974383
1990,,25.022,,,,,,0.484003,,,,,,,147.593859,,,,27.691138,,,,4.778,,,,,51.911,,
1990,3.140713,,32.580854,3.5745,17.169768,7.710882,7.2185,,108.7,10.1898,9.986975,6.864839,,1.286756,,0.2534,8.669269,8.975597,,13.274617,1143.33,33.268154,,0.5871,10.309514,5.146469,10.271874,,,4.998478
1991,,25.643,,,,,,0.503052,,,,,,,149.926149,,,,28.03742,,,,4.513,,,,,52.985,,
1991,3.110331,,33.028546,3.6333,17.378981,7.798899,7.3241,,111,10.1983,10.021997,7.011456,,1.326321,,0.260482,8.5954,9.289298,,13.495255,1158.23,33.840991,,0.6031,10.305158,5.162126,10.503491,,,5.029002
1992,,26.271,,,,,,0.516458,,,,,,,149.236984,,,,28.371264,,,,4.47,,,,,54.082,,
1992,3.095141,,33.475005,3.4637,17.557133,7.882519,7.44,,113.3,10.2346,10.068319,7.160917,,1.363541,,0.2672,8.4848,9.623899,,13.719818,1171.71,34.425915,,0.6192,10.325697,5.180614,10.735969,,,5.054982
1993,,26.894,,,,,,0.530225,,,,,,,154.512692,,,,28.684764,,,,4.641,,,,,55.201,,
1993,3.033262,,33.91744,3.3567,17.71909,7.928746,7.5496,,115.5,10.2435,10.100341,7.312857,,1.39911,,0.2735,8.4597,9.970727,,13.944934,1185.17,35.032308,,0.6329,10.334013,5.196642,10.965121,,,5.077912
1994,,27.496,,,,,,0.544366,,,,,,,156.77523,,,,29.000663,,,,4.649,,,,,56.344,,
1994,3.037099,,34.353066,3.2603,17.893433,7.943489,7.6435,,117.7,10.210403,10.130398,7.466792,,1.434061,,0.2811,8.4274,10.317901,,14.166346,1198.5,35.629174,,0.6454,10.333161,5.215718,11.186758,,,5.098754
1995,,28.06,,,,,,0.558879,,,,,,,159.016334,,,,29.302311,,,,4.669,,,,,57.642,,
1995,3.06292437,,34.779096,3.2488,18.119616,7.953067,7.7262,,119.9,10.177258,10.142776,7.622334,,1.469173,,0.2873,8.384715,10.656145,,14.380864,1211.21,36.22983,,0.6563,10.321344,5.251027,11.396692,,,5.116826
1996,,28.566,,,,,,0.573792,,,,,3.645,,161.247046,,,,29.610218,,,,4.494,,,,,58.835,,
1996,3.08816597,,35.195575,3.246,18.330079,7.964966,7.7998,,122.1,10.14188,10.170226,7.779268,,1.504724,,0.2945,8.3409,10.982919,,14.587367,1223.89,36.830574,,0.6663,10.309137,5.275121,11.591131,,,5.13232
1997,,29.045,,,,,,0.589115,,,,,3.738,,163.470521,,,,29.905948,,,,4.572,,,,,60.053,,
1997,3.061498,,35.604362,3.2382,18.510004,7.971116,7.8767,,124.3,10.092986,10.192264,7.937453,,1.540424,,0.3017,8.2832,11.298594,,14.786227,1236.26,37.426532,,0.6752,10.299125,5.29486,11.772866,,,5.147349
1998,,29.507,,,,,,0.604842,,,,,3.653,,165.687517,,,,30.155173,,,,4.501,,,,,61.296,,
1998,3.049165,,36.005387,3.2321,18.70562,7.982461,7.9534,,124.5,10.045237,10.213752,8.096761,,1.575827,,0.3095,8.2304,11.437656,,14.977736,1247.61,38.012359,,0.6829,10.289621,5.313577,11.947588,,,5.159646
1999,,29.95,,,,,,0.620989,,,,,3.725,,167.909738,,,,30.401286,,,,4.554,,,,,62.565,,
1999,3.058497,,36.398577,3.2269,18.91921,8.002186,8.0328,,126.3,10.002535,10.239085,8.257066,,1.61026,,0.3169,8.1909,,,15.162801,1257.86,38.585016,,0.6905,10.278098,5.33002,12.120984,,1.40125,5.171302
2000,,30.386,,,,,,0.637582,,,,,3.781,,170.143121,,,,30.68573,,,,4.426,,,,,63.86,,
2000,3.06332,,36.783859,3.2153,19.141036,8.020946,8.1143,,128.1,9.956684,10.263414,8.41827,,1.643333,,0.3248,8.149468,,,15.34235,1267.43,39.14008,,0.6975,10.266546,5.349212,12.298745,,1.39272,5.181115
2001,,30.879,,,,,,0.661317,,,,,3.798,,172.385826,,,,31.020902,,,,4.44,,,,,65.182,,
2001,3.057018,,37.156195,3.2083,19.386461,8.06364,8.1914,,130,9.900414,10.309725,8.580244,,1.674674,,0.332844,7.891095,,,15.516112,1276.27,39.674811,,0.7055,10.206436,5.368354,12.479924,,1.38351,5.194901
2002,,31.357,,,,,,0.71055386,,,,,3.828,,174.63296,,,,31.360079,,,,4.44,,,,,66.628,,
2002,3.044993,,37.515632,3.1912,19.605441,8.100273,8.2692,,131.6,9.830681,10.355844,8.742822,,1.704637,,0.3401,7.845841,,,15.684413,1284.53,40.190679,,0.7137,10.203269,5.383507,12.660728,,1.37519,5.206295
2003,,31.848,,,,,,0.76451945,,,,,3.832,,176.871437,,,,31.644028,,,,4.44,,,,,67.965,,
2003,3.034231,,37.86973,3.1738,19.827155,8.142573,8.3491,,133.4,9.762817,10.396421,8.90582,,1.734387,,0.3464,7.801273,,,15.849649,1292.27,40.693254,,0.7229,10.211455,5.39764,12.842578,,1.36625,5.219732
2004,,32.364,,,,,,0.82374401,,,,,3.842,,181.581024,,,,31.940655,,,,4.439353,,,,,69.304,,
2004,3.019634,,38.226051,3.156,20.046003,8.201359,8.4474,,135.2,9.697475,10.445852,9.069044,,1.765533,,0.3523,7.761049,12.824,,16.014972,1299.88,41.188093,,0.733,10.220577,5.411405,13.026891,,1.35885,5.236611
2005,,32.906,,,,,,0.88882365,,,,,3.843,,184.184264,,,,32.243753,,,,4.441989,,,,,70.653,,
2005,3.003329,,38.59215,3.1368,20.311543,8.254298,8.5531,,137,9.630354,10.511382,9.232301,,1.799077,,0.3585,7.71875,,,16.20572,1307.56,41.671878,,0.744,10.251079,5.427459,13.215089,,1.3507,5.25558
2006,,33.481,,,,,,0.96042522,,,,,3.843,,186.770562,,,,32.571174,,,,4.440022,,,,,72.009,,
2006,2.981755,,38.970611,3.1174,20.627547,8.282984,8.6661,,139.8,9.579493,10.584534,9.395449,,1.835911,,0.3645,7.67929,,,16.494752,1314.48,42.170126,,0.7579,10.287189,5.447084,13.40827,,1.34292,5.276955
2007,,34.096,,,,,,1.039297,,,,,3.842,,183.989711,,,,32.889025,,,,4.435982,,,,,74.828,,
2007,2.958266,,39.356383,3.0973,21.016121,8.307989,8.7799,,141.8,9.542412,10.66514,9.558438,,1.875458,,0.37,7.640238,13.23,,16.660175,1321.29,42.65863,,0.7764,10.38113,5.475791,13.605485,,1.33844,5.300484
2008,,34.590585,,,,,,1.103496,,,,,3.842,,189.612814,,,,33.247118,,,,4.434508,,,,,76.651,,
2008,2.936355,,39.745613,3.0768,21.475625,8.335003,8.9224,,143.8,9.513557,10.75308,9.721457,,1.915636,,0.375,7.606551,13.395682,,16.82555,1328.02,43.134017,,0.7969,10.467542,5.511451,13.805095,,1.33574,5.326314
2009,,35.268,,,,,,1.178415,,,,,3.843,,191.48063,,,,33.628895,,,,4.429078,,,,,78.522,,
2009,2.918674,,40.134425,3.0552,21.865623,8.351643,8.9976,,145.8,9.495608,10.839905,9.88479,,1.953495,,0.3801,7.56371,,,16.990982,1334.5,43.60863,,0.8191,10.506813,5.534738,14.005449,,1.33329,5.351427
2010,,35.978,,,,,,1.228543,,,,,3.843,,190.747855,,,,34.004889,,,,4.417781,,,,,80.443,,
2010,2.907361,,40.788453,3.0345,22.172469,8.375164,9.1111,,147.8,9.472064,10.951266,10.048597,,1.987106,,0.3868,7.504868,,,17.135467,1340.91,44.086292,,0.8398,10.53277,5.560628,15.012228,,1.32966,5.375276
2011,,36.717,,,,,,1.19502,,,,,3.84,,192.379287,,,,34.339328,,,,4.280622,,,,,82.41,,
2011,2.90219,,41.26149,3.0214,22.522197,8.408121,9.2351,,149.7,9.451221,11.035948,10.212951,,2.015406,,0.393372,7.327224,,,17.325323,1349.16,44.553416,,0.862,10.505445,5.580516,15.266431,,1.325217,5.401267
2012,,37.495,,,,,,1.208964,,,,,3.836,,193.946886,,,,34.714222,,,,4.267558,,,,,84.418,,
2012,2.898293,,41.733271,3.0269,22.928023,8.45186,9.3565,,151.6,9.44245,11.099554,10.377677,,2.039551,,0.3987,7.284552,,,17.506632,1359.22,45.001571,,0.8659,10.516125,5.602628,15.520973,,1.320174,5.426674
2013,,38.296862,,,,,,1.253191,,,,,3.531,,201.032714,,,,35.082954,,,,4.255689,,,,,86.46,,
2013,2.892394,,42.202935,3.0171,23.297777,8.507786,9.4771,,153.7,9.443972,11.150516,10.542375,,2.062551,,0.4033,7.245677,14.676591,,17.677912,1367.26,45.434942,,0.858,10.512419,5.627235,15.774749,,1.315819,5.45127
2014,,39.114276,,,,,,1.314562,,,,,3.526,,202.768562,,,,35.437435,,,,4.238389,,,,,88.53,,
2014,2.885796,,42.6695,3.0106,23.640331,8.584926,9.593,,155.8,9.453058,11.209044,10.706517,,2.088619,,0.4076,7.202198,,,17.856581,1376.46,45.86601,,0.847,10.538275,5.659715,16.027466,,1.31487,5.471753
2015,,39.963249,,,,,,1.370322,,,,,3.518,,204.450649,,,,35.702908,,,,4.203604,,,,,90.624,,
2015,2.875592,,43.131966,2.9986,23.984581,8.700471,9.7056,,157.9,9.469093,11.26791,10.869732,,2.120716,,0.4124,7.153784,,,18.044752,1383.26,46.313898,,0.8483,10.553843,5.707251,16.278844,,1.315944,5.487308
2016,,40.835602,,,,,,1.423726,,,,,3.511,,206.081432,,,,36.109487,,,,4.174349,,,,,92.737,,
2016,2.876591,,43.590368,2.9861,24.385064,8.772865,9.81,,159.89,9.469665,11.322088,11.031822,,2.159925,,0.417256,7.101859,,,18.26166,1392.32,46.830116,,0.8548,10.57882,5.748769,16.52873,,1.315635,5.503297
2017,,41.721203,,,,,,1.501116,,,,,3.504,,207.660929,,,,36.545236,,,,4.124531,,,,,95.203,,
2017,2.870324,,44.044811,2.9727,24.759018,8.822267,9.8981,,161.75,9.448312,11.37607,11.192853,,2.205076,,0.4264,7.050034,,,18.543867,1400.11,47.4192,,0.8642,10.610055,5.78119,16.776977,,1.319133,5.51313
2018,,42.577722,,,,,,1.503091,,,,,3.496,,208.4949,,,,37.065084,,,,4.087843,,,,,97.147368,,
2018,2.862427,,44.494502,2.9653,25.14614,8.858775,9.9815,,163.65,9.429257,11.431406,11.35314,,2.254067,,0.4366,7.000039,,,18.885043,1405.41,48.258494,,0.8759,10.6498,5.806081,17.023408,,1.32482,5.517919
2019,,43.424118,,,,,,1.483756,,,,,3.491,,210.147125,,,,37.60123,,,,4.065253,,,,,98.901934,,
2019,2.845955,,44.938712,2.9597,25.520468,8.901064,9.9741,,165.55,9.410259,11.492641,11.513102,,2.303703,,0.451,6.951482,15.552211,,19.238933,1410.08,49.395678,,0.888,10.693939,5.822763,17.267986,,1.328889,5.525292
2020,,,,,,,,1.472204,,,,,3.475,,211.755692,,,,38.007166,,,,4.04768,,,,,100.617,,
2020,2.829741,,45.376763,2.9633,25.630698,8.932664,10.0261,,167.43,9.349645,11.521238,11.673029,,2.351625,,0.4418,6.916548,15.954,,19.540931,1412.12,50.372424,,0.896,10.701777,5.840045,17.510643,,1.330068,5.533793
2021,,,,,,,,1.504365,,,,,3.453,,213.317639,,,,38.226498,,,,3.878981,,,,,102.060688,,
2021,2.793592,,45.808747,2.9614,25.771357,8.978929,10.0633,,169.11,9.255524,11.584008,,,,,0.440715,6.838937,16.592,,19.734766,1412.6,51.049498,,0.9047,10.516707,5.87342,,,1.331796,5.548241
2022,,,,,,,,1.557182,,,,,3.434,,203.080756,,,,38.929902,,,,3.855641,,,,,103.605039,,
2022,2.761785,,45.892285,2.9768,26.304656,9.106126,10.1271,,171.3,9.200617,11.697557,,,,,0.4454,6.44771,,,19.877957,1411.75,51.609474,,,10.827529,5.932654,,,1.365884,5.56397
2023,,,,,,,,1.577059,,,,,,,,,,,,,,,,,,,,105.174,,
2023,,,46.654581,,,,,,170.79,,,,,,,,,,,20.007953,1409.67,,,,,5.961249,,,,