Year,France,Georgia,Germany,Ghana,Greece,Hong Kong SAR (China),Hungary,Iceland,India,Indonesia,Iran,Ireland,Israel,Italy,Ivory Coast,Japan,Jordan,Kazakhstan,Kenya,Kosovo,Kuwait,Kyrgyzstan,Laos,Latvia,Lebanon,Lithuania,Luxembourg,Malawi,Malaysia,Malta
1732,,,,,,,,0.050358,,,,,,,,,,,,,,,,,,,,,,
1734,,,,,,,,0.043678,,,,,,,,,,,,,,,,,,,,,,
1735,,,,,,,,0.043872,,,,,,,,,,,,,,,,,,,,,,
1736,,,,,,,,0.04436,,,,,,,,,,,,,,,,,,,,,,
1737,,,,,,,,0.044703,,,,,,,,,,,,,,,,,,,,,,
1738,,,,,,,,0.045208,,,,,,,,,,,,,,,,,,,,,,
1739,,,,,,,,0.045022,,,,,,,,,,,,,,,,,,,,,,
1740,,,,,,,,0.044878,,,,,,,,,,,,,,,,,,,,,,
1741,,,,,,,,0.045382,,,,,,,,,,,,,,,,,,,,,,
1742,,,,,,,,0.045054,,,,,,,,,,,,,,,,,,,,,,
1743,,,,,,,,0.04549,,,,,,,,,,,,,,,,,,,,,,
1744,,,,,,,,0.045926,,,,,,,,,,,,,,,,,,,,,,
1745,,,,,,,,0.046435,,,,,,,,,,,,,,,,,,,,,,
1746,,,,,,,,0.046866,,,,,,,,,,,,,,,,,,,,,,
1747,,,,,,,,0.047058,,,,,,,,,,,,,,,,,,,,,,
1748,,,,,,,,0.047676,,,,,,,,,,,,,,,,,,,,,,
1749,,,,,,,,0.048241,,,,,,,,,,,,,,,,,,,,,,
1750,,,,,,,,0.048754,,,,,,,,,,,,,,,,,,,,,,
1751,,,,,,,,0.049121,,,,,,,,,,,,,,,,,,,,,,
1752,,,,,,,,0.04883,,,,,,,,,,,,,,,,,,,,,,
1753,,,,,,,,0.048752,,,,,,,,,,,,,,,,,,,,,,
1754,,,,,,,,0.048798,,,,,,,,,,,,,,,,,,,,,,
1755,,,,,,,,0.04862,,,,,,,,,,,,,,,,,,,,,,
1756,,,,,,,,0.047602,,,,,,,,,,,,,,,,,,,,,,
1757,,,,,,,,0.04421,,,,,,,,,,,,,,,,,,,,,,
1758,,,,,,,,0.043329,,,,,,,,,,,,,,,,,,,,,,
1759,,,,,,,,0.043716,,,,,,,,,,,,,,,,,,,,,,
1760,,,,,,,,0.044219,,,,,,,,,,,,,,,,,,,,,,
1761,,,,,,,,0.044839,,,,,,,,,,,,,,,,,,,,,,
1762,,,,,,,,0.044886,,,,,,,,,,,,,,,,,,,,,,
1763,,,,,,,,0.044866,,,,,,,,,,,,,,,,,,,,,,
1764,,,,,,,,0.045676,,,,,,,,,,,,,,,,,,,,,,
1765,,,,,,,,0.04642,,,,,,,,,,,,,,,,,,,,,,
1766,,,,,,,,0.046702,,,,,,,,,,,,,,,,,,,,,,
1767,,,,,,,,0.046481,,,,,,,,,,,,,,,,,,,,,,
1768,,,,,,,,0.046788,,,,,,,,,,,,,,,,,,,,,,
1769,,,,,,,,0.047361,,,,,,,,,,,,,,,,,,,,,,
1770,,,,,,,,0.047857,,,,,,,,,,,,,,,,,,,,,,
1771,,,,,,,,0.048207,,,,,,,,,,,,,,,,,,,,,,
1772,,,,,,,,0.048623,,,,,,,,,,,,,,,,,,,,,,
1773,,,,,,,,0.048968,,,,,,,,,,,,,,,,,,,,,,
1774,,,,,,,,0.049234,,,,,,,,,,,,,,,,,,,,,,
1775,,,,,,,,0.049577,,,,,,,,,,,,,,,,,,,,,,
1776,,,,,,,,0.049931,,,,,,,,,,,,,,,,,,,,,,
1777,,,,,,,,0.050421,,,,,,,,,,,,,,,,,,,,,,
1778,,,,,,,,0.050764,,,,,,,,,,,,,,,,,,,,,,
1779,,,,,,,,0.05063,,,,,,,,,,,,,,,,,,,,,,
1780,,,,,,,,0.050318,,,,,,,,,,,,,,,,,,,,,,
1781,,,,,,,,0.049611,,,,,,,,,,,,,,,,,,,,,,
1782,,,,,,,,0.049609,,,,,,,,,,,,,,,,,,,,,,
1783,,,,,,,,0.049753,,,,,,,,,,,,,,,,,,,,,,
1784,,,,,,,,0.045428,,,,,,,,,,,,,,,,,,,,,,
1785,,,,,,,,0.040381,,,,,,,,,,,,,,,,,,,,,,
1786,,,,,,,,0.03919,,,,,,,,,,,,,,,,,,,,,,
1787,,,,,,,,0.03949,,,,,,,,,,,,,,,,,,,,,,
1788,,,,,,,,0.039689,,,,,,,,,,,,,,,,,,,,,,
1789,,,,,,,,0.040051,,,,,,,,,,,,,,,,,,,,,,
1790,,,,,,,,0.040667,,,,,,,,,,,,,,,,,,,,,,
1791,,,,,,,,0.040926,,,,,,,,,,,,,,,,,,,,,,
1792,,,,,,,,0.041117,,,,,,,,,,,,,,,,,,,,,,
1793,,,,,,,,0.041666,,,,,,,,,,,,,,,,,,,,,,
1794,,,,,,,,0.042446,,,,,,,,,,,,,,,,,,,,,,
1795,,,,,,,,0.04343,,,,,,,,,,,,,,,,,,,,,,
1796,,,,,,,,0.044308,,,,,,,,,,,,,,,,,,,,,,
1797,,,,,,,,0.045016,,,,,,,,,,,,,,,,,,,,,,
1798,,,,,,,,0.045445,,,,,,,,,,,,,,,,,,,,,,
1799,,,,,,,,0.046176,,,,,,,,,,,,,,,,,,,,,,
1800,,,,,,,,0.047186,,,,,,,,,,,,,,,,,,,,,,
1801,,,,,,,,0.047812,,,,,,,,,,,,,,,,,,,,,,
1802,,,,,,,,0.047713,,,,,,,,,,,,,,,,,,,,,,
1803,,,,,,,,0.046916,,,,,,,,,,,,,,,,,,,,,,
1804,,,,,,,,0.046251,,,,,,,,,,,,,,,,,,,,,,
1805,,,,,,,,0.046079,,,,,,,,,,,,,,,,,,,,,,
1806,,,,,,,,0.046756,,,,,,,,,,,,,,,,,,,,,,
1807,,,,,,,,0.047472,,,,,,,,,,,,,,,,,,,,,,
1808,,,,,,,,0.047982,,,,,,,,,,,,,,,,,,,,,,
1809,,,,,,,,0.048271,,,,,,,,,,,,,,,,,,,,,,
1810,,,,,,,,0.048587,,,,,,,,,,,,,,,,,,,,,,
1811,,,,,,,,0.04857,,,,,,,,,,,,,,,,,,,,,,
1812,,,,,,,,0.048317,,,,,,,,,,,,,,,,,,,,,,
1813,,,,,,,,0.047805,,,,,,,,,,,,,,,,,,,,,,
1814,,,,,,,,0.047501,,,,,,,,,,,,,,,,,,,,,,
1815,,,,,,,,0.047644,,,,,,,,,,,,,,,,,,,,,,
1816,,,,,,,,0.047333,,,,,,,,,,,,,,,,,,,,,,
1817,,,,,,,,0.047712,,,,,,,,,,,,,,,,,,,,,,
1818,,,,,,,,0.047952,,,,,,,,,,,,,,,,,,,,,,
1819,,,,,,,,0.047994,,,,,,,,,,,,,,,,,,,,,,
1820,,,,,,,,0.048065,,,,,,,,,,,,,,,,,,,,,,
1821,,,,,,,,0.04788,,,,,,,,,,,,,,,,,,,,,,
1822,,,,,,,,0.048743,,,,,,,,,,,,,,,,,,,,,,
1823,,,,,,,,0.049546,,,,,,,,,,,,,,,,,,,,,,
1824,,,,,,,,0.050312,,,,,,,,,,,,,,,,,,,,,,
1825,,,,,,,,0.050663,,,,,,,,,,,,,,,,,,,,,,
1826,,,,,,,,0.050576,,,,,,,,,,,,,,,,,,,,,,
1827,,,,,,,,0.05034,,,,,,,,,,,,,,,,,,,,,,
1828,,,,,,,,0.0506,,,,,,,,,,,,,,,,,,,,,,
1829,,,,,,,,0.051403,,,,,,,,,,,,,,,,,,,,,,
1830,,,,,,,,0.05263,,,,,,,,,,,,,,,,,,,,,,
1831,,,,,,,,0.053892,,,,,,,,,,,,,,,,,,,,,,
1832,,,,,,,,0.054995,,,,,,,,,,,,,,,,,,,,,,
1833,,,,,,,,0.055903,,,,,,,,,,,,,,,,,,,,,,
1834,,,,,,,,0.055987,,,,,,,,,,,,,,,,,,,,,,
1835,,,,,,,,0.056583,,,,,,,,,,,,,,,,,,,,,,
1836,,,,,,,,0.056968,,,,,,,,,,,,,,,,,,,,,,
1837,,,,,,,,0.05708,,,,,,,,,,,,,,,,,,,,,,
1838,,,,,,,,0.057088,,,,,,,,,,,,,,,,,,,,,,
1839,,,,,,,,0.056893,,,,,,,,,,,,,,,,,,,,,,
1840,,,,,,,,0.057133,,,,,,,,,,,,,,,,,,,,,,
1841,,,,,,,,0.057778,,,,,,,,,,,,,,,,,,,,,,
1842,,,,,,,,0.058385,,,,,,,,,,,,,,,,,,,,,,
1843,,,,,,,,0.057229,,,,,,,,,,,,,,,,,,,,,,
1844,,,,,,,,0.057957,,,,,,,,,,,,,,,,,,,,,,
1845,,,,,,,,0.058677,,,,,,,,,,,,,,,,,,,,,,
1846,,,,,,,,0.057499,,,,,,,,,,,,,,,,,,,,,,
1847,,,,,,,,0.057936,,,,,,,,,,,,,,,,,,,,,,
1848,,,,,,,,0.058841,,,,,,,,,,,,,,,,,,,,,,
1849,,,,,,,,0.059586,,,,,,,,,,,,,,,,,,,,,,
1850,,,,,,,,0.060416,,,,,,,,,,,,,,,,,,,,,,
1851,,,,,,,,0.060874,,,,,,,,,,,,,,,,,,,,,,
1852,,,,,,,,0.061875,,,,,,,,,,,,,,,,,,,,,,
1853,,,,,,,,0.063209,,,,,,,,,,,,,,,,,,,,,,
1854,,,,,,,,0.064246,,,,,,,,,,,,,,,,,,,,,,
1855,,,,,,,,0.064844,,,,,,,,,,,,,,,,,,,,,,
1856,,,,,,,,0.065786,,,,,,,,,,,,,,,,,,,,,,
1857,,,,,,,,0.066829,,,,,,,,,,,,,,,,,,,,,,
1858,,,,,,,,0.067697,,,,,,,,,,,,,,,,,,,,,,
1859,,,,,,,,0.067754,,,,,,,,,,,,,,,,,,,,,,
1860,,,,,,,,0.066839,,,,,,,,,,,,,,,,,,,,,,
1861,,,,,,,,0.066963,,,,,,,,,,,,,,,,,,,,,,
1862,,,,,,,,0.066792,,,,,,,,,,,,,,,,,,,,,,
1863,,,,,,,,0.067315,,,,,,,,,,,,,,,,,,,,,,
1864,,,,,,,,0.068064,,,,,,,,,,,,,,,,,,,,,,
1865,,,,,,,,0.068711,,,,,,,,,,,,,,,,,,,,,,
1866,,,,,,,,0.068268,,,,,,,,,,,,,,,,,,,,,,
1867,,,,,,,,0.069231,,,,,,,,,,,,,,,,,,,,,,
1868,,,,,,,,0.0697,,,,,,,,,,,,,,,,,,,,,,
1869,,,,,,,,0.069463,,,,,,,,,,,,,,,,,,,,,,
1870,,,,,,,,0.070031,,,,,,,,,,,,,,,,,,,,,,
1871,,,,,,,,0.070389,,,,,,,,,,,,,,,,,,,,,,
1872,,,,,,,,0.070065,,,,,,,,,,,,,,,,,,,,,,
1873,,,,,,,,0.070276,,,,,,,,,,,,,,,,,,,,,,
1874,,,,,,,,0.070595,,,,,,,,,,,,,,,,,,,,,,
1875,,,,,,,,0.071129,,,,,,,,,,,,,,,,,,,,,,
1876,,,,,,,,0.070798,,,,,,,,,,,,,,,,,,,,,,
1877,,,,,,,,0.071555,,,,,,,,,,,,,,,,,,,,,,
1878,,,,,,,,0.071901,,,,,,,,,,,,,,,,,,,,,,
1879,,,,,,,,0.071981,,,,,,,,,,,,,,,,,,,,,,
1880,,,,,,,,0.072646,,,,,,,,,,,,,,,,,,,,,,
1881,,,,,,,,0.073091,,,,,,,,,,,,,,,,,,,,,,
1882,,,,,,,,0.071942,,,,,,,,,,,,,,,,,,,,,,
1883,,,,,,,,0.070642,,,,,,,,,,,,,,,,,,,,,,
1884,,,,,,,,0.071481,,,,,,,,,,,,,,,,,,,,,,
1885,,,,,,,,0.072243,,,,,,,,,,,,,,,,,,,,,,
1886,,,,,,,,0.072449,,,,,,,,,,,,,,,,,,,,,,
1887,,,,,,,,0.070725,,,,,,,,,,,,,,,,,,,,,,
1888,,,,,,,,0.070146,,,,,,,,,,,,,,,,,,,,,,
1889,,,,,,,,0.070581,,,,,,,,,,,,,,,,,,,,,,
1890,,,,,,,,0.070607,,,,,,,,,,,,,,,,,,,,,,
1891,,,,,,,,0.071579,,,,,,,,,,,,,,,,,,,,,,
1892,,,,,,,,0.072481,,,,,,,,,,,,,,,,,,,,,,
1893,,,,,,,,0.072928,,,,,,,,,,,,,,,,,,,,,,
1894,,,,,,,,0.07323,,,,,,,,,,,,,,,,,,,,,,
1895,,,,,,,,0.074508,,,,,,,,,,,,,,,,,,,,,,
1896,,,,,,,,0.07568,,,,,,,,,,,,,,,,,,,,,,
1897,,,,,,,,0.076618,,,,,,,,,,,,,,,,,,,,,,
1898,,,,,,,,0.077177,,,,,,,,,,,,,,,,,,,,,,
1899,,,,,,,,0.077967,,,,,,,,43.404,,,,,,,,,,,,,,
1900,,,,,,,,,,,,3.234,,,,,,,,,,,,,,,,,,
1900,,,,,,,,0.078203,,,,,,,,43.847,,,,,,,,,,,,,,
1901,,,,,,,,,,,,3.213,,,,,,,,,,,,,,,,,,
1901,,,,,,,,0.078641,,,,,,,,44.359,,,,,,,,,,,,,,
1902,,,,,,,,,,,,3.2,,,,,,,,,,,,,,,,,,
1902,,,,,,,,0.079181,,,,,,,,44.964,,,,,,,,,,,,,,
1903,,,,,,,,,,,,3.185,,,,,,,,,,,,,,,,,,
1903,,,,,,,,0.079632,,,,,,,,45.546,,,,,,,,,,,,,,
1904,,,,,,,,,,,,3.175,,,,,,,,,,,,,,,,,,
1904,,,,,,,,0.080396,,,,,,,,46.135,,,,,,,,,,,,,,
1905,,,,,,,,,,,,3.165,,,,,,,,,,,,,,,,,,
1905,,,,,,,,0.081026,,,,,,,,46.62,,,,,,,,,,,,,,
1906,,,,,,,,,,,,3.16,,,,,,,,,,,,,,,,,,
1906,,,,,,,,0.082086,,,,,,,,47.038,,,,,,,,,,,,,,
1907,,,,,,,,,,,,3.151,,,,,,,,,,,,,,,,,,
1907,,,,,,,,0.082925,,,,,,,,47.416,,,,,,,,,,,,,,
1908,,,,,,,,,,,,3.145,,,,,,,,,,,,,,,,,,
1908,,,,,,,,0.083576,,,,,,,,47.965,,,,,,,,,,,,,,
1909,,,,,,,,,,,,3.142,,,,,,,,,,,,,,,,,,
1909,,,,,,,,0.084528,,,,,,,,48.554,,,,,,,,,,,,,,
1910,,,,,,,,,,,,3.139,,,,,,,,,,,,,,,,,,
1910,,,,,,,,0.085221,,,,,,,,49.184,,,,,,,,,,,,,,
1911,,,,,,,,,,,,3.132,,,,,,,,,,,,,,,,,,
1911,,,,,,,,0.085661,,,,,,37.059,,49.852,,,,,,,,,,,,,,
1912,,,,,,,,,,,,3.12,,,,,,,,,,,,,,,,,,
1912,,,,,,,,0.086116,,,,,,37.241,,50.577,,,,,,,,,,,,,,
1913,,,,,,,,,,,,3.103,,,,,,,,,,,,,,,,,,
1913,,,,,,,,0.087137,,,,,,37.255,,51.305,,,,,,,,,,,,,,
1914,,,,,,,,,,,,3.092,,,,,,,,,,,,,,,,,,
1914,,,,,,,,0.088076,,,,,,37.797,,52.039,,,,,,,,,,,,,,
1915,,,,,,,,,,,,3.068,,,,,,,,,,,,,,,,,,
1915,,,,,,,,0.089059,,,,,,38.166,,52.752,,,,,,,,,,,,,,
1916,,,,,,,,,,,,3.068,,,,,,,,,,,,,,,,,,
1916,,,,,,,,0.089819,,,,,,38.118,,53.496,,,,,,,,,,,,,,
1917,,,,,,,,,,,,3.065,,,,,,,,,,,,,,,,,,
1917,,,,,,,,0.091368,,,,,,37.844,,54.134,,,,,,,,,,,,,,
1918,,,,,,,,,,,,3.066,,,,,,,,,,,,,,,,,,
1918,,,,,,,,0.091897,,,,,,37.195,,54.739,,,,,,,,,,,,,,
1919,,,,,,,,,,,,3.102,,,,,,,,,,,,,,,,,,
1919,,,,,,,,0.092855,,,,,,37.304,,55.033,,,,,,,,,,,,,,
1920,,,,,,,,,,,,3.103,,,,,,,,,,,,,,,,,,
1920,,,,,,,,0.094436,,,,,,37.491,,55.963,,,,,,,,,,,,,,
1921,,,,,,,,,,,,3.096,,,,,,,,,,,,,,,,,,
1921,,,,,,,,0.09518,,,,,,37.89,,56.666,,,,,,,,,,,,,,
1922,,,,,,,,,,,,3.022,,,,,,,,,,,,,,,,,,
1922,,,,,,,,0.096386,,,,,,38.281,,57.39,,,,,,,,,,,,,,
1923,,,,,,,,,,,,3.014,,,,,,,,,,,,,,,,,,
1923,,,,,,,,0.097704,,,,,,38.629,,58.119,,,,,,,,,,,,,,
1924,,,,,,,,,,,,3.005,,,,,,,,,,,,,,,,,,
1924,,,,,,,,0.098483,,,,,,38.99,,58.876,,,,,,,,,,,,,,
1925,,,,,,,,,,,,2.985,,,,,,,,,,,,,,,,,,
1925,,,,,,,,0.100117,,,,,,39.339,,59.737,,,,,,,,,,,,,,
1926,,,,,,,,,,,,2.971,,,,,,,,,,,,,,,,,,
1926,,,,,,,,0.10173,,,,,,39.665,,60.741,,,,,,,,,,,,,,
1927,,,,,,,,,,,,2.957,,,,,,,,,,,,,,,,,,
1927,,,,,,,,0.103327,,,,,,40.03,,61.659,,,,,,,,,,,,,,
1928,,,,,,,,,,,,2.944,,,,,,,,,,,,,,,,,,
1928,,,,,,,,0.104812,,,,,,40.342,,62.595,,,,,,,,,,,,,,
1929,,,,,,,,,,,,2.937,,,,,,,,,,,,,,,,,,
1929,,,,,,,,0.10635,,,,,,40.595,,63.461,,,,,,,,,,,,,,
1930,,,,,,,,,,,,2.927,,,,,,,,,,,,,,,,,,
1930,,,,,,,,0.108629,,,,,,40.987,,64.45,,,,,,,,,,,,,,
1931,,,,,,,,,,,,2.933,,,,,,,,,,,,,,,,,,
1931,,,,,,,,0.109844,,,,,,41.277,,65.457,,,,,,,,,,,,,,
1932,,,,,,,,,,,,2.949,,,,,,,,,,,,,,,,,,
1932,,,,,,,,0.111555,,,,,,41.585,,66.434,,,,,,,,,,,,,,
1933,,,,,,,,,,,,2.962,,,,,,,,,,,,,,,,,,
1933,,,,,,,,0.113366,,,,,,41.921,,67.432,,,,,,,,,,,,,,
1934,,,,,,,,,,,,2.971,,,,,,,,,,,,,,,,,,
1934,,,,,,,,0.114743,,,,,,42.265,,68.309,,,,,,,,,,,,,,
1935,,,,,,,,,,,,2.971,,,,,,,,,,,,,,,,,,
1935,,,,,,,,0.11587,,,,,,42.592,,69.254,,,,,,,,,,,,,,
1936,,,,,,,,,,,,2.967,,,,,,,,,,,,,,,,,,
1936,,,,,,,,0.11688,,,,,,42.908,,70.114,,,,,,,,,,,,,,
1937,,,,,,,,,,,,2.948,,,,,,,,,,,,,,,,,,
1937,,,,,,,,0.117692,,,,,,43.228,,70.63,,,,,,,,,,,,,,
1938,,,,,,,,,,,,2.937,,,,,,,,,,,,,,,,,,
1938,,,,,,,,0.118888,,,,,,43.61,,71.013,,,,,,,,,,,,,,
1939,,,,,,,,,,,,2.934,,,,,,,,,,,,,,,,,,
1939,,,,,,,,0.120264,,,,,,44.119,,71.38,,,,,,,,,,,,,,
1940,,,,,,,,,,,,2.958,,,,,,,,,,,,,,,,,,
1940,,,,,,,,0.121579,,,,,,44.562,,71.933,,,,,,,,,,,,,,
1941,,,,,,,,,,,,2.993,,,,,,,,,,,,,,,,,,
1941,,,,,,,,0.122385,,,,,,44.885,,72.218,,,,,,,,,,,,,,
1942,,,,,,,,,,,,2.963,,,,,,,,,,,,,,,,,,
1942,,,,,,,,0.123996,,,,,,45.119,,72.88,,,,,,,,,,,,,,
1943,,,,,,,,,,,,2.946,,,,,,,,,,,,,,,,,,
1943,,,,,,,,0.125967,,,,,,45.235,,73.903,,,,,,,,,,,,,,
1944,,,,,,,,,,,,2.944,,,,,,,,,,,,,,,,,,
1944,,,,,,,,0.127791,,,,,,45.344,,74.433,,,,,,,,,,,,,,
1945,,,,,,,,,,,,2.952,,,,,,,,,,,,,,,,,,
1945,,,,,,,,0.130356,,,,,,45.54,,72.147,,,,,,,,,,,,,,
1946,,,,,,,,,,,,2.957,,,,,,,,,,,,,,,,,,
1946,,,,,,,,0.13275,,,,,,45.91,,75.75,,,,,,,,,,,,,,
1947,,,,,,,,,,,,2.974,,,,,,,,,,,,,,,,,,
1947,,,,,,,,0.135935,,,,,,46.21,,78.101,,,,,,,,,,,,,4.908,
1948,,,,,,,,,,,,2.985,,,,,,,,,,,,,,,,,,
1948,,,,,,,9.204799,0.138502,,,,,,46.552,,80.002,,,,,,,,,,,,,4.987,
1949,,,,,,,,,,,,2.981,,,,,,,,,,,,,,,,,,
1949,42.140896,,,,,,9.293,0.141042,,,,,1.1739,46.914,,81.773,,,,,,,,,,,,,5.082,
1950,,,,,,,,,,,16.357,,,,,,,,,,,,,,,,,,,
1950,,,,,,,,,,,,2.969,,,,,,,,,,,,,,,,,,
1950,,,,,,,,,,,,,,,,,,,,,,,1.682915,,,,,,,
1950,42.510997,3.527008,69.3463,5.036151,7.668792,,9.383,0.144293,359,69.543321,,,1.3701,47.295,2.630131,84.115,0.481319,,6.121184,,,1.740005,,,1.334617,,,2.953871,5.227,0.311998
1951,,,,,,,,,,,16.810772,,,,,,,,,,,,,,,,,,,
1951,,,,,,,,,,,,2.9606,,,,,,,,,,,,,,,,,,
1951,,,,,,,,,,,,,,,,,,,,,,,1.723216,,,,,,,
1951,42.859773,3.555878,69.7849,5.140319,7.742937,,9.463,0.14654,365,70.849443,,,1.5778,47.54,2.690625,84.541,0.536398,,6.289336,,,1.765557,,,1.358226,,,3.011789,5.337,0.312215
1952,,,,,,,,,,,17.27564,,,,,,,,,,,,,,,,,,,
1952,,,,,,,,,,,,2.9529,,,,,,,,,,,,,,,,,,
1952,,,,,,,,,,,,,,,,,,,,,,,1.764044,,,,,,,
1952,43.186244,3.588631,70.1639,5.268648,7.814168,,9.545,0.148978,372,72.274629,,,1.6295,47.792,2.761084,85.808,0.576275,,6.464046,,,1.795141,,,1.39273,,,3.072386,5.506,0.312746
1953,,,,,,,,,,,17.74761,,,,,,,,,,,,,,,,,,,
1953,,,,,,,,,,,,2.949,,,,,,,,,,,,,,,,,,
1953,,,,,,,,,,,,,,,,,,,,,,,1.805537,,,,,,,
1953,43.50143,3.625614,70.5659,5.413371,7.882596,,9.645,0.152506,379,73.820844,,,1.6694,48.121,2.838189,86.981,0.60998,,6.646268,,,1.828202,,,1.434848,,,3.135689,5.706,0.313266
1954,,,,,,,,,,,18.233684,,,,,,,,,,,,,,,,,,,
1954,,,,,,,,,,,,2.9412,,,,,,,,,,,,,,,,,,
1954,,,,,,,,,,,,,,,,,,,,,,,1.847794,,,,,,,
1954,43.830349,3.667077,70.9448,5.568654,7.948283,,9.767,0.156033,386,75.487888,,,1.7178,48.477,2.919713,88.239,0.644124,,6.83636,,,1.864497,,,1.481968,,,3.201722,5.889,0.313562
1955,,,,,,,,,,,18.738871,,,,,,,,,,,,,,,,,,,
1955,,,,,,,,,,,,2.9209,,,,,,,,,,,,,,,,,,
1955,,,,,,,,,,,,,,,,,,,,,,,1.89085,,,,,,,
1955,44.226012,3.713129,71.3499,5.730592,8.011132,,9.883,0.15948,393,77.273427,,,1.7891,48.789,3.004421,89.422,0.682975,,7.033999,,,1.904069,,,1.53212,,,3.270545,6.058,0.313523
1956,,,,,,,,,,,19.261174,,,,,,,,,,,,,,,,,,,
1956,,,,,,,,,,,,2.8985,,,,,,,,,,,,,,,,,,
1956,,,,,,,,,,,,,,,,,,,,,,,1.934816,,,,,,,
1956,44.666447,3.76377,70.9432,5.897345,8.070958,,9.829,0.1627,401,79.1728,,,1.8724,49.052,3.0922,90.303,0.728205,,7.240247,,,1.947222,,,1.584039,,,3.342254,6.252,0.313195
1957,,,,,,,,,,,18.954704,,,,,,,,,,,,,,,,,,,
1957,,,,,,,,,,,,2.8853,,,,,,,,,,,,,,,,,,
1957,,,,,,,,,,,,,,,,,,,,,,,1.97973,,,,,,,
1957,45.160679,3.818856,71.475,6.068997,8.127479,,9.85,0.166831,409,81.179211,,,1.976,49.311,3.183962,91.037,0.779111,,7.454779,,,1.994559,,,1.63713,,,3.416929,6.279,0.312702
1958,,,,,,,,,,,19.547986,,,,,,,,,,,,,,,,,,,
1958,,,,,,,,,,,,2.8527,,,,,,,,,,,,,,,,,,
1958,,,,,,,,,,,,,,,,,,,,,,,2.025666,,,,,,,
1958,45.665741,3.878133,72.0309,6.247304,8.18031,,9.913,0.170156,418,83.284051,,,2.0317,49.64,3.281513,91.907,0.832979,,7.678739,,,2.046913,,,1.691382,,,3.494687,6.505,0.312303
1959,,,,,,,,,,,20.159838,,,,,,,,,,,,,,,,,,,
1959,,,,,,,,,,,,2.8456,,,,,,,,,,,,,,,,,,
1959,,,,,,,,,,,,,,,,,,,,,,,2.072709,,,,,,,
1959,46.14691,3.941249,72.543,6.43516,8.229113,,9.961044,0.173855,426,85.477628,,,2.0887,50.023,3.38729,92.767,0.885586,,7.912591,,,2.105187,,,1.747168,,,3.575665,6.703,0.312316
1960,,,,,,,,,,,20.790841,,,,,,,,,,,,,,,,,,,
1960,,,,,,,,,,,,2.8321,,,,,,,,,,,,,,,,,,
1960,,,,,,,,,,,,,,,,,,,,,,,2.120892,,,,,,,
1960,46.61126,4.007724,73.1468,6.635229,8.273628,,10.007,0.177292,434,87.751066,,,2.1504,50.372,3.503553,93.549,0.933102,9.319283,8.156827,,,2.170091,,2.120979,1.804935,2.77855,0.31397,3.65998,8.118,0.312973
1961,,,,,,,,,,,21.441594,,,,,,,,,,,,,,,,,,,
1961,,,,,,,,,,,,2.8183,,,,,,,,,,,,,,,,,,
1961,,,,,,,,,,,,,,,,,,,,,,,2.17034,,,,,,,
1961,47.11106,4.077079,73.668454,6.848291,8.314009,3.1953,10.052,0.180765,444,90.098396,,,2.2342,50.675,3.631553,94.415,0.973983,9.639302,8.411966,,,2.241761,,2.152681,1.864613,2.82355,0.316845,3.747758,8.379,0.314414
1962,,,,,,,,,,,22.112717,,,,,,,,,,,,,,,,,,,
1962,,,,,,,,,,,,2.8301,,,,,,,,,,,,,,,,,,
1962,,,,,,,,,,,,,,,,,,,,,,,2.221123,,,,,,,
1962,47.96725,4.148733,74.383113,7.071966,8.350876,3.3682,10.074,0.183991,454,92.518373,,,2.3318,51.012,3.770766,95.325,1.010647,9.959414,8.678557,,,2.31945,,2.181586,1.925295,2.86335,0.32075,3.839047,8.652,0.31652
1963,,,,,,,,,,,22.804845,,,,,,,,,,,,,,,,,,,
1963,,,,,,,,,,,,2.85,,,,,,,,,,,,,,,,,,
1963,,,,,,,,,,,,,,,,,,,,,,,2.273352,,,,,,,
1963,48.80692,4.222157,75.045592,7.300124,8.385443,3.4618,10.108,0.187314,464,95.015295,,,2.4301,51.385,3.918628,96.305,1.050212,10.27779,8.957178,,,2.401462,,2.210919,1.984999,2.89895,0.3241,3.933914,8.9202,0.318888
1964,,,,,,,,,,,23.518636,,,,,,,,,,,,,,,,,,,
1964,,,,,,,,,,,,2.8638,,,,,,,,,,,,,,,,,,
1964,,,,,,,,,,,,,,,,,,,,,,,2.327137,,,,,,,
1964,49.323147,4.296671,75.591082,7.52447,8.419301,3.5451,10.14,0.190652,474,97.596728,,,2.5256,51.816,4.071411,97.346,1.102404,10.590934,9.247518,,,2.485425,,2.240623,2.041231,2.9352,0.32775,4.032364,9.1684,0.320927
1965,,,,,,,,,,,24.25477,,,,,,,,,,,,,,,,,,,
1965,,,,,,,,,,,,2.8758,,,,,,,,,,,,,,,,,,
1965,,,,,,,,,,,,,,,,,,,,,,,2.382586,,,,,,,
1965,49.793881,4.371527,76.336308,7.739463,8.453819,3.6254,10.166,0.193919,485,100.26707,,,2.5984,52.159,4.226844,98.47,1.173603,10.897644,9.549179,,,2.569448,,2.265919,2.092374,2.97145,0.3315,4.134464,9.4366,0.322238
1966,,,,,,,,,,,25.013944,,,,,,,,,,,,,,,,,,,
1966,,,,,,,,,,,,2.884,,,,,,,,,,,,,,,,,,
1966,,,,,,,,,,,,,,,,,,,,,,,2.439197,,,,,,,
1966,50.223133,4.446837,76.864314,7.941418,8.489868,3.6794,10.203,0.197221,495,103.025423,,,2.6574,52.504,4.383728,99.158,1.267063,11.197568,9.863639,,,2.65305,,2.283217,2.136617,3.00805,0.333895,4.24043,9.7328,0.322696
1967,,,,,,,,,,,25.788722,,,,,,,,,,,,,,,,,,,
1967,,,,,,,,,,,,2.8997,,,,,,,,,,,,,,,,,,
1967,,,,,,,,,,,,,,,,,,,,,,,2.496927,,,,,,,
1967,50.630911,4.521715,77.038358,8.132803,8.528026,3.7606,10.244,0.200281,506,105.865576,,,2.7763,52.83,4.544164,100.376,1.378995,11.491228,10.191512,,,2.736074,,2.30122,2.174732,3.0444,0.334995,4.350456,10.0074,0.322457
1968,,,,,,,,,,,26.487596,,,,,,,,,,,,,,,,,,,
1968,,,,,,,,,,,,2.9122,,,,,,,,,,,,,,,,,,
1968,,,,,,,,,,,,,,,,,,,,,,,2.556845,,,,,,,
1968,51.013318,4.593315,77.550269,8.321773,8.569144,3.8445,10.284,0.202695,518,108.779926,,,2.8411,53.144,4.713135,101.521,1.500168,11.777849,10.532389,,,2.817324,,2.323619,2.210769,2.6967,0.33585,4.464427,10.2528,0.321762
1969,,,,,,,,,,,27.20541,,,,,,,,,,,,,,,,,,,
1969,,,,,,,,,,,,2.9252,,,,,,,,,,,,,,,,,,
1969,,,,,,,,,,,,,,,,,,,,,,,2.620448,,,,,,,
1969,51.431938,4.658009,78.269095,8.520018,8.614035,3.9061,10.322099,0.204042,529,111.758566,,,2.9295,53.49,4.897472,102.715,1.617427,12.042478,10.887934,,,2.895538,,2.343173,2.250454,3.118941,0.3375,4.582197,10.5002,0.321031
1970,,,,,,,,,,,27.942677,,,,,,,,,,,,,,,,,,,
1970,,,,,,,,,,,,2.9499,,,,,,,,,,,,,,,,,,
1970,,,,,,,,,,,,,,,,,,,,,,,2.688429,,,,,,,
1970,51.901969,4.71334,78.069482,8.735493,8.663568,3.9954,10.352,0.204834,541,114.793179,,,3.0221,53.832,5.102064,104.884,1.721315,12.265305,11.247182,,,2.969857,,2.359164,2.297436,3.160437,0.339171,4.703783,10.8818,0.320548
1971,,,,,,,,,,,28.699923,,,,,,,,,,,,,,,,,,,
1971,,,,,,,,,,,,2.9782,,,,,,,,,,,,,,,,,,
1971,,,,,,,,,,,,,,,,,,,,,,,2.762264,,,,,,,
1971,52.395865,4.758161,78.556202,8.973247,8.71687,4.0955,10.378,0.207361,554,117.880146,,,3.1207,54.189,5.328744,106.345,1.809193,12.444338,11.63303,,,3.039759,,2.376389,2.354046,3.197645,0.342421,4.829092,11.1597,0.320364
1972,,,,,,,,,,,29.477692,,,,,,,,,,,,,,,,,,,
1972,,,,,,,,,,,,3.0244,,,,,,,,,,,,,,,,,,
1972,,,,,,,,,,,,,,,,,,,,,,,2.840842,,,,,,,
1972,52.862565,4.793558,78.820721,9.22964,8.774512,4.1843,10.41,0.210912,567,121.017316,,,3.225,54.574,5.576038,107.845,1.883923,12.611997,12.044785,,,3.105533,,2.395674,2.417837,3.229598,0.3466,4.958556,11.4413,0.320437
1973,,,,,,,,,,,30.276537,,,,,,,,,,,,,,,,,,,
1973,,,,,,,,,,,,3.073,,,,,,,,,,,,,,,,,,
1973,,,,,,,,,,,,,,,,,,,,,,,2.919288,,,,,,,
1973,53.286375,4.822168,79.05262,9.493552,8.840311,4.3342,10.442,0.213722,580,124.199693,,,3.3382,54.929,5.841506,109.351,1.948443,12.789985,12.482054,,,3.168293,,2.415819,2.481943,3.259277,0.35045,5.093368,11.7198,0.320801
1974,,,,,,,,,,,31.097031,,,,,,,,,,,,,,,,,,,
1974,,,,,,,,,,,,3.1239,,,,,,,,,,,,,,,,,,
1974,,,,,,,,,,,,,,,,,,,,,,,2.990963,,,,,,,
1974,53.634601,4.847869,78.882235,9.749098,8.919247,4.4386,10.501,0.216695,593,127.422198,,,3.4216,55.293,6.121285,110.811,2.007735,12.972497,12.944287,,,3.229683,,2.437186,2.536772,3.28851,0.35505,5.235074,12.0013,0.321436
1975,,,,,,,,,,,31.939761,,,,,,,,,,,,,,,,,,,
1975,,,,,,,,,,,,3.1772,,,,,,,,,,,,,,,,,,
1975,,,,,,,,,,,,,,,,,,,,,,,3.051583,,,,,,,
1975,53.882848,4.873638,78.464873,9.985946,9.014091,4.5008,10.563,0.219262,607,130.68073,,,3.4932,55.589,6.412403,112.135,2.065916,13.158942,13.433414,,,3.291074,,2.45613,2.575746,3.314794,0.35895,5.384798,12.3003,0.322358
1976,,,,,,,,,,,32.805328,,,,,,,,,,,,,,,,,,,
1976,,,,,,,,,,,,3.2278,,,,,,,,,,,,,,,,,,
1976,,,,,,,,,,,,,,,,,,,,,,,3.098962,,,,,,,
1976,54.098403,4.900192,78.209026,10.199164,9.127057,4.551,10.615,0.221046,620,133.96694,,,3.5754,55.847,6.71395,113.281,1.8893,13.346173,13.951436,,,3.352615,,2.470989,2.596409,3.342533,0.360731,5.545653,12.5881,0.323579
1977,,,,,,,,,,,33.708744,,,,,,,,,,,,,,,,,,,
1977,,,,,,,,,,,,3.2719,,,,,,,,,,,,,,,,,,
1977,,,,,,,,,,,,,,,,,,,,,,,3.135839,,,,,,,
1977,54.342851,4.927251,78.110602,10.395453,9.254979,4.6315,10.66,0.222552,634,137.278057,,,3.6532,56.063,7.026496,114.352,1.9716,13.543521,14.500404,,,3.41433,,2.485073,2.601734,3.367538,0.361358,5.717954,12.9011,0.325126
1978,,,,,,,,,,,35.026756,,,,,,,,,,,,,,,,,,,
1978,,,,,,,,,,,,3.314,,,,,,,,,,,,,,,,,,
1978,,,,,,,,,,,,,,,,,,,,,,,3.168838,,,,,,,
1978,54.5797,4.955517,78.073038,10.590265,9.38872,4.7699,10.687,0.224522,648,140.621731,,,3.7376,56.247,7.35027,115.354,2.0575,13.750291,15.07969,,,3.477224,,2.497921,2.597202,3.39149,0.362007,5.896864,13.2002,0.326984
1979,,,,,,,,,,,36.396302,,,,,,,,,,,,,,,,,,,
1979,,,,,,,,,,,,3.3682,,,,,,,,,,,,,,,,,,
1979,,,,,,,,,,,,,,,,,,,,,,,3.207331,,,,,,,
1979,54.81615,4.985591,78.179666,10.805318,9.515743,5.0247,10.709463,0.226948,664,144.009844,,,3.8362,56.388,7.685918,116.319,2.133,13.957795,15.690251,,,3.542511,,2.505953,2.590911,3.404194,0.362856,6.075485,13.5183,0.329117
1980,,,,,,,,,,,37.819398,,,,,,,,,,,,,,,,,,,
1980,,,,,,,,,,,,3.401,,,,,,,,,,,,,,,,,,
1980,,,,,,,,,,,,,,,,,,,,,,,3.258149,,,,,,,
1980,55.09749,5.017827,78.397483,11.056112,9.627004,5.1451,10.705,0.229327,679,148.04,,,3.9217,56.479,8.03365,117.213,2.233,14.17271,16.330821,,,3.610974,,2.511701,2.588928,3.42221,0.36415,6.250434,13.8793,0.331494
1981,,,,,,,,,,,39.298135,,,,,,,,,,,,,,,,,,,
1981,,,,,,,,,,,,3.4434,,,,,,,,,,,,,,,,,,
1981,,,,,,,,,,,,,,,,,,,,,,,3.323353,,,,,,,
1981,55.572624,5.051116,78.418324,11.348287,9.7602,5.2385,10.695,0.232182,692,151.3146,,,3.9777,56.524,8.393691,118.038,2.319,14.397391,16.987029,,,3.68266,,2.519421,2.594299,3.443684,0.365225,6.41238,14.2569,0.334115
1982,,,,,,,,,,,40.834693,,,,,,,,,,,,,,,,,,,
1982,,,,,,,,,,,,3.48,,,,,,,,,,,,,,,,,,
1982,,,,,,,,,,,,,,,,,,,,,,,3.401193,,,,,,,
1982,55.90546,5.085141,78.248407,11.676828,9.8211,5.3195,10.671,0.235537,708,154.6617,,,4.0636,56.563,8.764989,118.877,2.409,14.634179,17.658884,,,3.757168,,2.53108,2.606148,3.470673,0.365525,6.565985,14.6511,0.336964
1983,,,,,,,,,,,42.431329,,,,,,,,,,,,,,,,,,,
1983,,,,,,,,,,,,3.504,,,,,,,,,,,,,,,,,,
1983,,,,,,,,,,,,,,,,,,,,,,,3.48991,,,,,,,
1983,56.166175,5.121801,78.008156,12.033559,9.8721,5.3774,10.64,0.238416,723,158.0827,,,4.1186,56.565,9.144931,119.669,2.502,14.885966,18.345623,,,3.83414,,2.546011,2.622072,3.499711,0.365622,6.737924,15.0482,0.339984
1984,,,,,,,,,,,44.090394,,,,,,,,,,,,,,,,,,,
1984,,,,,,,,,,,,3.529,,,,,,,,,,,,,,,,,,
1984,,,,,,,,,,,,,,,,,,,,,,,3.586315,,,,,,,
1984,56.444748,5.163641,77.709213,12.405659,9.9195,5.4309,10.599,0.240606,739,161.5795,,,4.1997,56.588,9.530107,120.441,2.599,15.14759,19.046177,,,3.913018,,2.562047,2.638056,3.528698,0.365998,6.964613,15.4504,0.343096
1985,,,,,,,,,,,45.814329,,,,,,,,,,,,,,,,,,,
1985,,,,,,,,,,,,3.54,,,,,,,,,,,,,,,,,,
1985,,,,,,,,,,,,,,,,,,,,,,,3.687889,,,,,,,
1985,56.719935,5.211454,77.660533,12.783617,9.9491,5.5004,10.56,0.242203,755,164.629618,,,4.2662,56.598,9.918196,121.168,2.7,15.413315,19.754036,,,3.993077,,2.578873,2.651992,3.560388,0.366706,7.268271,15.8827,0.345705
1986,,,,,,,,,,,47.605669,,,,,,,,,,,,,,,,,,,
1986,,,,,,,,,,,,3.5406,,,,,,,,,,,,,,,,,,
1986,,,,,,,,,,,,,,,,,,,,,,,3.794204,,,,,,,
1986,57.012268,5.267233,77.780338,13.164839,9.985326,5.5657,10.509,0.244157,771,168.347515,,,4.3313,56.594,10.307281,121.771,2.805,15.721289,20.462604,,,4.075144,,2.599892,2.660873,3.597439,0.368355,7.66639,16.3294,0.348372
1987,,,,,,,,,,,49.44501,,,,,,,,,,,,,,,,,,,
1987,,,,,,,,,,,,3.5465,,,,,,,,,,,,,,,,,,
1987,,,,,,,,,,,,,,,,,,,,,,,3.90553,,,,,,,
1987,57.325053,5.327496,77.899502,13.552021,10.015863,5.6153,10.464,0.247561,788,172.00954,,,4.4065,56.609,10.698194,122.342,2.914,16.072478,21.170413,,,4.158584,,2.626583,2.667957,3.635295,0.37075,8.14114,16.7735,0.350914
1988,,,,,,,,,,,50.661357,,,,,,,,,,,,,,,,,,,
1988,,,,,,,,,,,,3.5307,,,,,,,,,,,,,,,,,,
1988,,,,,,,,,,,,,,,,,,,,,,,4.020817,,,,,,,
1988,57.659542,5.4008,78.389735,13.947047,10.058103,5.6716,10.421,0.251919,805,175.588836,,,4.4768,56.649,11.094748,122.863,3.027,16.43059,21.875798,,,4.239283,,2.653434,2.684682,3.674802,0.37345,8.636686,17.2191,0.354532
1989,,,,,,,,,,,51.907627,,,,,,,,,,,,,,,,,,,
1989,,,,,,,,,,,,3.5095,,,,,,,,,,,,,,,,,,
1989,,,,,,,,,,,,,,,,,,,,,,,4.138845,,,,,,,
1989,57.996401,5.4244,79.112831,14.353409,10.120892,5.7265,10.374823,0.253785,822,179.13611,,,4.5596,56.694,11.502449,123.293,3.144,16.2495,22.576964,,,4.357594,,2.66814,2.726438,3.693708,0.3771,9.075568,17.6621,0.358188
1990,,,,,,,,,,,53.184554,,,,,,,,,,,,,,,,,,,
1990,,,,,,,,,,,,3.5058,,,,,,,,,,,,,,,,,,
1990,,,,,,,,,,,,,,,,,,,,,,,4.258471,,,,,,,
1990,58.280135,5.4533,79.753227,14.773274,10.192911,5.752,10.373,0.255866,839,179.247783,,,4.8217,56.744,11.924877,123.702,3.468,16.348,23.277208,,2.15168,4.424878,,2.658161,2.803032,3.701968,0.38185,9.404499,18.1024,0.361908
1991,,,,,,,,,,,54.492894,,,,,,,,,,,,,,,,,,,
1991,,,,,,,,,,,,3.5257,,,,,,,,,,,,,,,,,,
1991,,,,,,,,,,,,,,,,,,,,,,,4.379234,,,,,,,
1991,58.571237,5.4674,80.215,15.20736,10.319672,5.8153,10.374,0.259727,856,182.9401,,,5.0588,56.772923,12.362407,124.204,3.701,16.451711,24.024862,,,4.50239,,2.643,2.9217,3.706299,0.387,9.600361,18.5472,0.365781
1992,,,,,,,,,,,55.837163,,,,,,,,,,,,,,,,,,,
1992,,,,,,,,,,,,3.5545,,,,,,,,,,,,,,,,,,
1992,,,,,,,,,,,,,,,,,,,,,,,4.500346,,,,,,,
1992,58.852002,5.3458,80.811,15.653345,10.420059,5.8876,10.365,0.262386,872,186.0427,,,5.1959,56.82125,12.812421,124.65,3.844,16.439095,24.903565,,,4.528409,,2.585675,3.076133,3.693929,0.392175,9.685974,19.0675,0.369455
1993,,,,,,,,,,,56.65797,,,,,,,,,,,,,,,,,,,
1993,,,,,,,,,,,,3.5741,,,,,,,,,,,,,,,,,,
1993,,,,,,,,,,,,,,,,,,,,,,,4.619946,,,,,,,
1993,59.070077,4.9299,81.086,16.106756,10.510996,5.998,10.35,0.265064,892,189.1356,,,5.3276,56.842392,13.271643,125.002,3.993,16.380672,25.679356,,1.645627,4.505145,,2.540904,3.246129,3.671296,0.397475,9.710335,19.6015,0.373161
1994,,,,,,,,,,,57.490841,,,,,,,,,,,,,,,,,,,
1994,,,,,,,,,,,,3.5859,,,,,,,,,,,,,,,,,,
1994,,,,,,,,,,,,,,,,,,,,,,,4.735837,,,,,,,
1994,59.280577,4.742251,81.243,16.561677,10.595074,6.1193,10.337,0.266978,910,192.2165,,,5.4715,56.844408,13.735433,125.385,4.1394,16.145766,26.312109,,1.830121,4.524992,,2.50058,3.403359,3.642991,0.402925,9.745695,20.1417,0.376433
1995,,,,,,,,,,,58.335957,,,,,,,,,,,,,,,,,,,
1995,,,,,,,,,,,,3.6013,,,,,,,,,,,,,,,,,,
1995,,,,,,,,,,,,,,,,,,,,,,,4.846477,,,,,,,
1995,59.487413,4.573192,81.45,17.014058,10.673696,6.27,10.321,0.267958,928,194.754808,,,5.619,56.844197,14.199762,125.648,4.264,15.6758,27.001869,,1.958794,4.595916,,2.469531,3.528379,3.615212,0.408625,9.844418,20.6818,0.378404
1996,,,,,,,,,,,59.193496,,,,,,,,,,,,,,,,,,,
1996,,,,,,,,,,,,3.6261,,,,,,,,,,,,,,,,,,
1996,,,,,,,,,,,,,,,,,,,,,,,4.951189,,,,,,,
1996,59.691177,4.410205,81.571,17.462504,10.744649,6.4666,10.301,0.269874,946,198.32,,,5.7579,56.876364,14.665127,125.939,4.383,15.4806,26.7,,2.093889,4.660959,,2.444912,3.610663,3.588013,0.414225,10.022783,21.2226,0.381405
1997,,,,,,,,,,,60.055488,,,,,,,,,,,,,,,,,,,
1997,,,,,,,,,,,,3.6643,,,,,,,,,,,,,,,,,,
1997,,,,,,,,,,,,,,,,,,,,,,,5.050308,,,,,,,
1997,59.899347,4.28962,81.533,17.908977,10.808358,6.5167,10.28,0.272381,964,201.3531,,,5.9,56.904379,15.130663,126.258,4.506,15.1882,28.1,,2.20879,4.731882,,2.420789,3.658425,3.562261,0.41945,10.264906,21.7693,0.384176
1998,,,,,,,,,,,61.070425,,,,,,,,,,,,,,,,,,,
1998,,,,,,,,,,,,3.7031,,,,,,,,,,,,,,,,,,
1998,,,,,,,,,,,,,,,,,,,,,,,5.144601,,,,,,,
1998,60.122665,4.197593,81.46,18.357159,10.861402,6.5834,10.253,0.275712,983,204.3925,,,6.0414,56.909109,15.589414,126.568,4.623,14.9578,28.88,,2.270865,4.806147,,2.399248,3.693514,3.536401,0.4247,10.552345,22.3335,0.386397
1999,,,,,,,,,,,62.102515,,,,,,,,,,,,,,,,,,,
1999,,,,,,,,,,,,3.7416,,,,,,,,,,,,,,,,,,
1999,,,,,,,,,,,,,,,,,,,,,,,5.235339,,,,,,,
1999,60.50815,4.11679,81.496,18.812369,10.903757,6.6376,10.222,0.279049,1001,207.4371,,,6.2091,56.923524,16.032573,126.79,4.738,14.8961,29.54,,2.254954,4.874697,,2.381715,3.747762,3.512074,0.430475,10.854325,22.9095,0.388759
2000,,,,,,,,,,,63.152047,,,,,,,,,,,,,,,,,,,
2000,,,,,,,,,,,,3.7895,,,,,,,,,,,,,,,,,,
2000,,,,,,,,,,,,,,,,,,,,,,,5.2321,,,,,,,
2000,60.94141,4.037472,81.517,19.27885,10.835989,6.7115,10.200298,0.283361,1019,201.230152,,,6.3693,56.960692,16.454668,127.02,4.857,14.8656,29.53,,2.217258,4.922026,,2.353384,3.842774,3.486998,0.439,11.148751,23.4949,0.391415
2001,,,,,,,,,,,64.219318,,,,,,,,,,,,,,,,,,,
2001,,,,,,,,,,,,3.8472,,,,,,,,,,,,,,,,,,
2001,,,,,,,,,,,,,,,,,,,,,,,5.3771,,,,,,,
2001,61.38507,3.991273,81.61,19.756929,10.888274,6.7303,10.200298,0.286575,1040,208.4368,,,6.5088,56.993742,16.853026,127.37,4.978,14.8511,30.9,,2.309102,4.968119,,2.320956,3.990999,3.454637,0.44405,11.432001,24.1234,0.394641
2002,,,,,,,,,,,65.301307,,,,,,,,,,,,,,,,,,,
2002,,,,,,,,,,,,3.9172,,,,,,,,,,,,,,,,,,
2002,,,,,,,,,,,,,,,,,,,,,,,5.5258,,,,,,,
2002,61.82403,3.965756,81.636,20.246376,10.91577,6.7258,10.174853,0.288471,1056,211.063,,,6.6311,57.32107,17.231539,127.51,5.098,14.8668,32.2,1.985,2.419928,5.013289,,2.29939,4.182205,3.431497,0.4483,11.713663,24.7271,0.397296
2003,,,,,,,,,,,66.300419,,,,,,,,,,,,,,,,,,,
2003,,,,,,,,,,,,3.9799,,,,,,,,,,,,,,,,,,
2003,,,,,,,,,,,,,,,,,,,,,,,5.679,,,,,,,
2003,62.251062,3.937716,81.568,20.750308,10.940369,6.7642,10.142362,0.29057,1072,213.7223,,,6.7484,57.888245,17.59961,127.67,5.23,14.9512,33.2,2.016,2.546684,5.073327,,2.27652,4.388378,3.398929,0.45496,12.000183,25.32,0.399867
2004,,,,,,,,,,,67.314814,,,,,,,,,,,,,,,,,,,
2004,,,,,,,,,,,,4.0452,,,,,,,,,,,,,,,,,,
2004,,,,,,,,,,,,,,,,,,,,,,,5.8364,,,,,,,
2004,62.730537,3.916963,81.463,21.272328,10.969912,6.7977,10.116742,0.293577,1089,216.4151,,,6.8695,58.462375,17.970494,127.734,5.597,15.0748,34.2,2.041,2.753656,5.136098,,2.249724,4.569377,3.35522,0.46123,12.301837,25.9051,0.402668
2005,,,,,,,,,,,68.34473,,,,,,,,,,,,,,,,,,,
2005,,,,,,,,,,,,4.1338,,,,,,,,,,,,,,,,,,
2005,,,,,,,,,,,,,,,,,,,,,,,5.6214,,,,,,,
2005,63.186117,3.887974,81.335,21.814648,11.004716,6.8378,10.097549,0.299891,1106,218.03494,,,6.9907,58.751711,18.354514,127.79,5.758,15.2193,35.1,2.07,2.991189,5.189181,,2.227874,4.698761,3.289835,0.469086,12.62595,26.4769,0.404999
2006,,,,,,,,,,,69.390405,,,,,,,,,,,,,,,,,,,
2006,,,,,,,,,,,,4.2329,,,,,,,,,,,,,,,,,,
2006,,,,,,,,,,,,,,,,,,,,,,,5.747587,,,,,,,
2006,63.60069,3.872719,81.148,22.379057,11.036008,6.9043,10.076581,0.307672,1122,222.7469,,,7.1167,59.131287,18.754916,127.783,5.928,15.3969,36.1,2.099,3.18296,5.247565,,2.20884,4.75976,3.249983,0.476187,12.973693,26.8315,0.405616
2007,,,,,,,,,,,70.495782,,,,,,,,,,,,,,,,,,,
2007,,,,,,,,,,,,4.3758,,,,,,,,,,,,,,,,,,
2007,,,,,,,,,,,,,,,,,,,,,,,5.873616,,,,,,,
2007,63.961859,3.847596,80.978,22.963946,11.060937,6.9384,10.066158,0.315459,1138,225.642,,,7.2436,59.61929,19.171237,127.768,6.106,15.5715,37.2,2.126,3.399637,5.289204,,2.19181,4.767347,3.212605,0.483799,13.341808,27.186,0.407832
2008,,,,,,,,,,,71.366,,,,,,,,,,,,,,,,,,,
2008,,,,,,,,,,,,4.4851,,,,,,,,,,,,,,,,,,
2008,,,,,,,,,,,,,,,,,,,,,,,6.0005,,,,,,,
2008,64.3045,3.829006,80.703,23.563832,11.094745,6.9639,10.045401,0.319368,1154,228.5233,,,7.4191,60.045068,19.605569,127.686,6.293,15.9824,38.3,2.153,3.441813,5.348254,,2.162834,4.764745,3.183856,0.4935,13.727899,27.5405,0.410926
2009,,,,,,,,,,,72.266,,,,,,,,,,,,,,,,,,,
2009,,,,,,,,,,,,4.5334,,,,,,,,,,,,,,,,,,
2009,,,,,,,,,,,,,,,,,,,,,,,6.12791,,,,,,,
2009,64.612939,3.799832,80.446,24.170943,11.119289,6.9964,10.030975,0.31763,1170,231.3695,,,7.552,60.340328,20.059147,127.515,6.49,16.203,38.6,2.181,3.484881,5.418299,,2.120504,4.813026,3.141976,0.502066,14.128161,27.8953,0.414027
2010,,,,,,,,,,,73.196,,,,,,,,,,,,,,,,,,,
2010,,,,,,,,,,,,4.5548,,,,,,,,,,,,,,,,,,
2010,,,,,,,,,,,,,,,,,,,,,,,6.256197,,,,,,,
2010,64.9334,3.773558,80.295,24.779614,11.123392,7.0521,10.014324,0.318452,1186,237.641326,,,7.6951,60.642418,20.532944,128.052,6.698,16.4401,38.5,2.207,3.582054,5.47762,,2.074605,4.953064,3.052588,0.51184,14.539609,28.5886,0.414989
2011,,,,,,,,,,,74.157,,,,,,,,,,,,,,,,,,,
2011,,,,,,,,,,,,4.5749,,,,,,,,,,,,,,,,,,
2011,,,,,,,,,,,,,,,,,,,,,,,6.385057,,,,,,,
2011,65.241241,3.739323,80.345,25.387713,11.086406,7.1095,9.985722,0.319575,1220,241.9907,,,7.8366,60.820787,21.028652,127.787,6.993,16.6731,39.5,1.798645,3.697292,5.551888,,2.044813,5.202022,3.003641,0.524853,14.962118,29.062,0.417546
2012,,,,,,,,,,,75.15,,,,,,,,,,,,,,,,,,,
2012,,,,,,,,,,,,4.5937,,,,,,,,,,,,,,,,,,
2012,,,,,,,,,,,,,,,,,,,,,,,6.514432,,,,,,,
2012,65.564756,3.718424,80.539,25.996454,11.003615,7.171,9.931925,0.321857,1235,245.4252,,,7.9845,59.685227,21.547188,127.492,7.427,16.910246,40.7,1.815606,3.823728,5.663133,,2.023825,5.53762,2.974637,0.537039,15.39601,29.51,0.422509
2013,,,,,,,,,,,76.075,,,,,,,,,,,,,,,,,,,
2013,,,,,,,,,,,,4.6147,,,,,,,,,,,,,,,,,,
2013,,,,,,,,,,,,,,,,,,,,,,,6.644009,,,,,,,
2013,65.90716,3.716911,80.793,26.607641,10.926807,7.2109,9.908798,0.325671,1251,248.8181,,,8.1345,60.782668,22.087506,127.277,8.114,17.160855,41.8,1.820631,3.965144,5.77657,,2.001468,5.913016,2.947862,0.54968,15.839287,30.2137,0.429424
2014,,,,,,,,,,,77.016,,,,,,,,,,,,,,,,,,,
2014,,,,,,,,,,,,4.6454,,,,,,,,,,,,,,,,,,
2014,,,,,,,,,,,,,,,,,,,,,,,6.809,,,,,,,
2014,66.422469,3.721916,81.188,27.22448,10.858018,7.2529,9.877365,0.3291,1267,252.1648,,,8.2969,60.795612,22.647672,127.064,8.804,17.415715,43,1.804944,4.091993,5.895062,,1.986096,6.261046,2.926644,0.562958,16.28955,30.7085,0.439691
2015,,,,,,,,,,,77.97,,,,,,,,,,,,,,,,,,,
2015,,,,,,,,,,,,4.6878,,,,,,,,,,,,,,,,,,
2015,,,,,,,,,,,,,,,,,,,,,,,6.491,,,,,,,
2015,66.602645,3.728636,82.122,27.849203,10.783748,7.3097,9.855571,0.332529,1283,255.5879,,,8.4634,60.665551,23.226148,127.103,9.559,17.669896,44.2,1.771604,4.239006,6.01948,,1.968957,6.532681,2.895573,0.576249,16.745305,31.1861,0.450415
2016,,,,,,,,,,,78.94,,,,,,,,,,,,,,,,,,,
2016,,,,,,,,,,,,4.7396,,,,,,,,,,,,,,,,,,
2016,,,,,,,,,,,,,,,,,,,,,,,6.787,,,,,,,
2016,66.774482,3.726374,82.5,28.481947,10.768193,7.3781,9.830485,0.338349,1299,258.4965,,,8.6286,60.589445,23.822726,126.918,9.798,17.918214,45.4,1.783531,4.411124,6.1402,,1.950116,6.714281,2.859077,0.590667,17.205253,31.6335,0.460297
2017,,,,,,,,,,,79.926,,,,,,,,,,,,,,,,,,,
2017,,,,,,,,,,,,4.8109,,,,,,,,,,,,,,,,,,
2017,,,,,,,,,,,,,,,,,,,,,,,6.901,,,,,,,
2017,66.992159,3.729633,82.775,29.121464,10.741165,7.4148,9.797561,0.34845,1314,261.3555,,,8.7979,60.483973,24.437475,126.695,10.053,18.157337,45.3,1.798506,4.500476,6.25673,,1.934379,6.819373,2.8262,0.602005,17.670193,32.0226,0.475701
2018,,,,,,,,,,,81.07,,,,,,,,,,,,,,,,,,,
2018,,,,,,,,,,,,4.8849,,,,,,,,,,,,,,,,,,
2018,,,,,,,,,,,,,,,,,,,,,,,7.012995,,,,,,,
2018,67.257982,3.723464,83.033,29.767108,10.724599,7.4877,9.778371,0.356991,1327,264.1616,,,8.9676,60.359546,25.069226,126.435,10.309,18.395567,46.4,1.795666,4.621638,6.3895,,1.919968,6.859408,2.8122,0.613894,18.143215,32.3823,0.493559
2019,,,,,,,,,,,82.084,,,,,,,,,,,,,,,,,,,
2019,,,,,,,,,,,,4.9585,,,,,,,,,,,,,,,,,,
2019,,,,,,,,,,,,,,,,,,,,,,,7.123207,,,,,,,
2019,67.44185,3.716858,83.178,30.417858,10.718565,7.5205,9.772756,0.364134,1341,266.9119,,,9.1405,60.244639,25.716554,126.144,10.554,18.631779,47.564296,1.782115,4.776,6.523529,,1.907675,6.855709,2.809977,0.626108,18.628749,32.523,0.514564
2020,,,,,,,,,,,83.075,,,,,,,,,,,,,,,,,,,
2020,,,,,,,,,,,,5.0299,,,,,,,,,,,,,,,,,,
2020,,,,,,,,,,,,,,,,,,,,,,,7.231,,,,,,,
2020,67.635124,3.728573,83.194,31.072945,10.678632,7.4267,9.769526,0.368792,1355.417,270.203917,,,9.2898,59.25757,26.378275,125.651,10.806,18.879552,48.5,1.798186,4.671,6.636803,,1.893223,6.825442,2.810761,0.63473,19.129955,32.4474,0.5161
2021,,,,,,,,,,,84.038,,,,,,,,,,,,,,,,,,,
2021,,,,,,,,,,,,5.0747,,,,,,,,,,,,,,,,,,
2021,,,,,,,,,,,,,,,,,,,,,,,7.338,,,,,,,
2021,67.842591,3.688647,83.283,,,7.4015,9.730772,0.376248,1368.587,272.2485,,,9.453,58.98312,27.053629,125.38,11.057,19.503159,49.4,1.773971,4.628,6.912849,,1.875757,,2.805998,0.645397,,32.5763,0.520174
2022,,,,,,,,,,,84.055,,,,,,,,,,,,,,,,,,,
2022,,,,,,,,,,,,5.184,,,,,,,,,,,,,,,,,,
2022,,,,,,,,,,,,,,,,,,,,,,,7.443,,,,,,,
2022,68.042591,3.736357,84.201,,,7.4726,9.68901,0.387758,1382.894,274.8591,,,9.662,,30.211973,124.861,11.302,19.766807,,1.76222,4.737,7.03759,,1.883008,,2.857279,0.660809,,32.6982,0.542051
2023,,,,,,,,,,,,5.2816,,,,,,,,,,,,,,,,,,
2023,,,,,,,9.599744,,1395,,,,9.842,,,124.24,11.516,,,,,,,,,2.886515,,,,